suite,experiment,primitive,threads,cs_cycles,trial,ops_per_sec,mean_latency_ns,p50_ns,p95_ns,p99_ns,stddev_ns,cv_percent,throughput_ops,false_sharing_factor,fairness_gini,fairness_jain,fairness_maxmin,fairness_cv,cpu_migrations,ctx_switches,notes,perf_cycles,perf_instructions,perf_cache_misses,perf_branch_misses
latency_dist,latency_distribution,mutex,2,0,0,16243388.00,60.24,60.00,90.00,221.00,103.96,172.58,48730164,0.00,0.10,nan,nan,nan,2,4875,p999=341;hist_clip=p999;hist_overflow=100;gini=0.101503;os_perf=on;hist=20:7074;24:0;28:12712;32:0;36:3922;40:318;44:0;48:18575;52:0;56:23135;60:2915;64:0;68:10183;72:0;76:12834;80:2274;84:0;88:2394;92:0;96:303;100:68;104:0;108:1293;112:0;116:406;120:113;124:0;128:50;132:0;136:43;140:10;144:0;148:85;152:0;156:32;160:13;164:0;168:31;172:0;176:23;180:16;184:0;188:53;192:0;196:47;200:24;204:0;208:35;212:0;216:13;220:16;224:0;228:21;232:0;236:19;240:9;244:0;248:87;252:0;256:78;260:65;264:0;268:168;272:0;276:92;280:91;284:0;288:103;292:0;296:35;300:54;304:0;308:30;312:0;316:7;320:12;324:0;328:12;332:0;336:7;,28132960783,27896013181,111991451,43463232
latency_dist,latency_distribution,mutex,2,0,1,18090589.33,53.69,51.00,70.00,150.00,151.27,281.73,54271768,0.00,0.07,nan,nan,nan,1,4429,p999=341;hist_clip=p999;hist_overflow=99;gini=0.068307;os_perf=on;hist=20:6401;24:0;28:10343;32:0;36:6419;40:493;44:0;48:28540;52:0;56:36562;60:4606;64:0;68:3565;72:0;76:1065;80:187;84:0;88:559;92:0;96:100;100:17;104:0;108:82;112:0;116:25;120:8;124:0;128:16;132:0;136:6;140:2;144:0;148:23;152:0;156:21;160:9;164:0;168:38;172:0;176:32;180:19;184:0;188:133;192:0;196:160;200:96;204:0;208:122;212:0;216:28;220:11;224:0;228:15;232:0;236:4;240:1;244:0;248:37;252:0;256:22;260:21;264:0;268:30;272:0;276:16;280:14;284:0;288:7;292:0;296:0;300:4;304:0;308:14;312:0;316:5;320:9;324:0;328:7;332:0;336:7;,32717823626,31583419721,147861341,22246519
latency_dist,latency_distribution,mutex,2,0,2,17751565.00,53.52,51.00,70.00,101.00,97.22,181.63,53254695,0.00,0.07,nan,nan,nan,2,5443,p999=340;hist_clip=p999;hist_overflow=99;gini=0.074612;os_perf=on;hist=20:6593;24:0;28:10174;32:0;36:0;40:6951;44:0;48:28913;52:0;56:0;60:40355;64:0;68:4587;72:0;76:0;80:872;84:0;88:426;92:0;96:0;100:134;104:0;108:61;112:0;116:0;120:17;124:0;128:12;132:0;136:0;140:8;144:0;148:12;152:0;156:0;160:35;164:0;168:21;172:0;176:0;180:33;184:0;188:147;192:0;196:0;200:231;204:0;208:86;212:0;216:0;220:45;224:0;228:24;232:0;236:0;240:8;244:0;248:39;252:0;256:0;260:26;264:0;268:17;272:0;276:0;280:9;284:0;288:13;292:0;296:0;300:8;304:0;308:10;312:0;316:0;320:19;324:0;328:11;332:0;336:4;,32698008204,32429235509,141161010,59940797
latency_dist,latency_distribution,mutex,2,0,3,17970560.00,53.81,51.00,70.00,120.00,113.85,211.57,53911680,0.00,0.07,nan,nan,nan,2,5811,p999=331;hist_clip=p999;hist_overflow=95;gini=0.067692;os_perf=on;hist=20:6518;23:0;27:10372;31:0;35:0;39:7026;43:0;47:28334;51:0;54:0;58:40965;62:0;66:3734;70:539;74:0;78:975;82:0;86:0;89:345;93:0;97:118;101:0;105:0;109:57;113:0;117:25;121:0;124:0;128:18;132:0;136:6;140:3;144:0;148:17;152:0;156:0;159:33;163:0;167:18;171:0;175:0;179:42;183:0;187:132;191:0;194:0;198:239;202:0;206:69;210:56;214:0;218:55;222:0;226:0;229:24;233:0;237:20;241:0;245:0;249:32;253:0;257:30;261:0;264:0;268:20;272:0;276:6;280:7;284:0;288:12;292:0;296:0;299:17;303:0;307:13;311:0;315:0;319:19;323:0;327:9;,32663147141,31382529384,146331556,29120947
latency_dist,latency_distribution,mutex,2,0,4,18135787.33,53.62,50.00,61.00,90.00,144.81,270.06,54407362,0.00,0.06,nan,nan,nan,4,4187,p999=330;hist_clip=p999;hist_overflow=99;gini=0.056240;os_perf=on;hist=20:5922;23:0;27:9472;31:0;35:0;39:7050;43:0;47:28043;51:2934;54:0;58:42029;62:0;66:1955;70:284;74:0;78:963;82:0;85:0;89:573;93:0;97:145;101:0;105:0;109:47;113:0;116:11;120:3;124:0;128:13;132:0;136:10;140:0;144:0;147:12;151:0;155:0;159:26;163:0;167:17;171:0;175:0;178:18;182:0;186:39;190:19;194:0;198:80;202:0;206:0;209:52;213:0;217:31;221:0;225:0;229:25;233:0;237:5;240:5;244:0;248:21;252:0;256:14;260:11;264:0;268:16;271:0;275:0;279:14;283:0;287:8;291:0;295:0;299:8;302:0;306:1;310:9;314:0;318:12;322:0;326:4;,32705604247,30797793859,154349673,26257564
latency_dist,latency_distribution,mutex,2,0,5,18033621.33,53.35,51.00,70.00,100.00,91.65,171.79,54100864,0.00,0.07,nan,nan,nan,4,3805,p999=351;hist_clip=p999;hist_overflow=98;gini=0.072535;os_perf=on;hist=20:6296;24:0;28:9753;32:0;36:6606;40:505;44:0;48:29236;53:0;57:41699;61:0;65:0;69:3274;73:0;77:1066;82:0;86:442;90:111;94:0;98:145;102:0;106:74;111:0;115:0;119:24;123:0;127:14;131:0;135:0;139:12;144:0;148:15;152:0;156:18;160:4;164:0;168:24;173:0;177:32;181:0;185:0;189:82;193:0;197:136;202:0;206:47;210:36;214:0;218:35;222:0;226:19;231:0;235:0;239:19;243:0;247:36;251:0;255:0;259:33;264:0;268:11;272:0;276:8;280:5;284:0;288:13;293:0;297:13;301:0;305:0;309:10;313:0;317:25;322:0;326:4;330:7;334:0;338:7;342:0;346:6;,32744311118,32890165850,143940898,43126010
latency_dist,latency_distribution,mutex,2,0,6,18010438.33,54.05,51.00,70.00,90.00,145.79,269.74,54031315,0.00,0.06,nan,nan,nan,3,6168,p999=371;hist_clip=p999;hist_overflow=98;gini=0.061666;os_perf=on;hist=20:6082;24:0;28:9454;33:0;37:6912;41:0;46:27396;50:2835;55:0;59:42272;63:0;68:2830;72:0;77:878;81:0;85:389;90:78;94:0;98:109;103:0;107:52;112:0;116:19;120:3;125:0;129:9;134:0;138:8;142:0;147:11;151:0;156:16;160:10;164:0;169:21;173:0;177:18;182:0;186:72;191:0;195:0;199:121;204:0;208:83;213:0;217:28;221:0;226:5;230:12;234:0;239:15;243:0;248:23;252:0;256:26;261:0;265:5;270:8;274:0;278:14;283:0;287:4;292:0;296:7;300:9;305:0;309:17;313:0;318:19;322:0;327:6;331:0;335:2;340:7;344:0;349:2;353:0;357:6;362:0;366:9;,32699332066,31295523526,149751749,36897739
latency_dist,latency_distribution,mutex,2,0,7,18093482.33,53.87,51.00,70.00,110.00,103.37,191.89,54280447,0.00,0.06,nan,nan,nan,3,4337,p999=351;hist_clip=p999;hist_overflow=100;gini=0.064060;os_perf=on;hist=20:6405;24:0;28:10015;32:0;36:6348;40:499;44:0;48:28770;53:0;57:41543;61:0;65:0;69:3506;73:0;77:969;82:0;86:664;90:118;94:0;98:113;102:0;106:72;111:0;115:0;119:27;123:0;127:12;131:0;135:0;139:12;144:0;148:9;152:0;156:21;160:15;164:0;168:28;173:0;177:68;181:0;185:0;189:103;193:0;197:205;202:0;206:66;210:40;214:0;218:31;222:0;226:16;231:0;235:0;239:21;243:0;247:30;251:0;255:0;259:34;264:0;268:26;272:0;276:12;280:6;284:0;288:7;293:0;297:15;301:0;305:0;309:18;313:0;317:20;322:0;326:5;330:12;334:0;338:13;342:0;346:6;,32691946573,31075281444,150650956,20130380
latency_dist,latency_distribution,spinlock,2,0,0,16494736.00,60.32,70.00,90.00,100.00,50.52,83.75,49484208,0.00,0.07,nan,nan,nan,4,900,p999=290;hist_clip=p999;hist_overflow=92;gini=0.070650;os_perf=on;hist=20:10998;23:0;26:7390;30:454;33:0;36:11880;40:1023;43:0;47:11614;50:1234;53:0;57:2737;60:345;63:0;67:14477;70:2261;74:0;77:22067;80:3919;84:0;87:6779;90:1406;94:0;97:432;101:114;104:0;107:184;111:0;114:0;117:117;121:0;124:0;128:81;131:0;134:0;138:162;141:0;144:0;148:42;151:0;155:0;158:24;161:0;165:0;168:21;171:0;175:0;178:16;182:0;185:0;188:10;192:0;195:0;198:11;202:0;205:0;209:8;212:0;215:0;219:11;222:0;225:0;229:9;232:0;236:0;239:16;242:0;246:0;249:20;252:0;256:0;259:7;263:0;266:0;269:14;273:0;276:0;279:14;283:0;286:11;,32806439485,23414258520,127150705,20686218
latency_dist,latency_distribution,spinlock,2,0,1,16418301.00,60.76,70.00,90.00,100.00,96.59,158.98,49254903,0.00,0.07,nan,nan,nan,3,638,p999=230;hist_clip=p999;hist_overflow=99;gini=0.072474;os_perf=on;hist=20:10744;22:0;25:0;27:7126;30:405;33:0;35:0;38:11868;41:948;43:0;46:0;48:12303;51:0;54:0;56:0;59:3061;62:0;64:0;67:0;69:18118;72:0;75:0;77:22373;80:3992;83:0;85:0;88:6391;90:1329;93:0;96:0;98:716;101:0;104:0;106:0;109:134;111:0;114:0;117:0;119:99;122:0;125:0;127:79;130:31;132:0;135:0;138:49;140:13;143:0;146:0;148:16;151:0;153:0;156:0;159:23;161:0;164:0;167:0;169:20;172:0;174:0;177:10;180:12;182:0;185:0;188:3;190:3;193:0;195:0;198:14;201:0;203:0;206:0;209:9;211:0;214:0;216:0;219:8;222:0;224:0;227:4;,32817633584,22897620132,127854840,25652994
latency_dist,latency_distribution,spinlock,2,0,2,16638711.33,60.71,70.00,90.00,91.00,50.72,83.55,49916134,0.00,0.08,nan,nan,nan,3,196,p999=160;hist_clip=p999;hist_overflow=84;gini=0.075045;os_perf=on;hist=20:11128;21:0;23:0;25:0;27:0;28:7000;30:406;32:0;34:0;35:0;37:0;39:11407;41:905;42:0;44:0;46:0;48:0;49:11875;51:0;53:0;55:0;56:0;58:2718;60:350;62:0;63:0;65:0;67:0;69:14638;70:2179;72:0;74:0;76:0;77:0;79:26141;81:0;83:0;84:0;86:0;88:0;90:10443;91:0;93:0;95:0;97:0;98:469;100:105;102:0;104:0;105:0;107:0;109:56;111:19;112:0;114:0;116:0;118:0;119:23;121:0;123:0;125:0;126:0;128:11;130:1;132:0;133:0;135:0;137:0;139:5;140:0;142:0;144:0;146:0;147:0;149:4;151:0;153:0;154:0;156:0;158:33;,32876443155,22738385797,127790826,23679719
latency_dist,latency_distribution,spinlock,2,0,3,16529052.00,61.37,70.00,90.00,100.00,128.68,209.69,49587156,0.00,0.08,nan,nan,nan,2,863,p999=291;hist_clip=p999;hist_overflow=93;gini=0.075171;os_perf=on;hist=20:11139;23:0;26:7302;30:454;33:0;36:11788;40:943;43:0;47:11252;50:1155;53:0;57:3010;60:391;64:0;67:13939;70:2109;74:0;77:21546;80:3911;84:0;87:9682;91:0;94:0;97:617;101:0;104:0;108:140;111:0;114:0;118:116;121:0;125:0;128:79;131:0;135:0;138:65;141:0;145:0;148:22;152:0;155:0;158:40;162:0;165:0;169:27;172:0;175:0;179:24;182:0;185:0;189:9;192:0;196:0;199:16;202:0;206:0;209:16;213:0;216:0;219:7;223:0;226:5;230:6;233:0;236:12;240:7;243:0;246:9;250:9;253:0;257:7;260:5;263:0;267:3;270:9;274:0;277:10;280:8;284:0;287:18;,32791047451,22978686712,127227870,26186969
latency_dist,latency_distribution,spinlock,2,0,4,16380692.33,62.09,70.00,90.00,100.00,171.18,275.72,49142077,0.00,0.07,nan,nan,nan,4,1050,p999=300;hist_clip=p999;hist_overflow=95;gini=0.071209;os_perf=on;hist=20:10548;23:0;27:7201;30:465;34:0;37:11804;41:983;44:0;48:11803;51:0;55:0;58:3165;62:0;65:0;69:18338;72:0;76:0;79:26089;83:0;86:0;90:8104;93:0;97:691;100:172;104:0;107:74;111:22;114:0;118:64;121:0;125:0;128:50;132:0;135:0;139:64;142:0;146:0;149:23;153:0;156:0;160:36;163:0;167:13;170:6;174:0;177:15;181:3;184:0;188:14;191:0;195:0;198:13;202:0;205:0;209:18;212:0;216:0;219:17;223:0;226:0;230:14;233:0;237:11;240:7;244:0;247:10;251:2;254:0;258:13;261:0;265:0;268:13;272:0;275:0;279:15;282:0;286:0;289:18;293:0;296:7;,32779116944,22782892829,127772932,27659658
latency_dist,latency_distribution,spinlock,2,0,5,16421288.33,60.65,70.00,90.00,110.00,89.20,147.08,49263865,0.00,0.08,nan,nan,nan,4,348,p999=301;hist_clip=p999;hist_overflow=99;gini=0.081625;os_perf=on;hist=20:11808;23:0;27:7611;30:447;34:0;37:13100;41:0;44:0;48:12517;51:0;55:0;58:2194;62:0;65:0;69:15913;72:0;76:0;79:25132;83:0;86:7848;90:1529;93:0;97:590;100:142;104:0;107:220;111:0;114:0;118:165;121:0;125:0;128:287;132:0;135:0;139:129;142:0;146:0;149:23;153:0;156:8;160:7;164:0;167:17;171:0;174:0;178:17;181:0;185:0;188:22;192:0;195:0;199:20;202:0;206:0;209:15;213:0;216:5;220:5;223:0;227:6;230:4;234:0;237:19;241:0;244:0;248:26;251:0;255:0;258:12;262:0;265:0;269:11;272:0;276:0;279:17;283:0;286:7;290:7;293:0;297:21;,32850972170,22909292955,124712568,41212263
latency_dist,latency_distribution,spinlock,2,0,6,16295665.33,61.47,70.00,90.00,101.00,265.53,431.93,48886996,0.00,0.07,nan,nan,nan,4,981,p999=281;hist_clip=p999;hist_overflow=96;gini=0.069256;os_perf=on;hist=20:10173;23:0;26:0;29:7987;33:0;36:0;39:12733;42:0;46:0;49:13435;52:0;55:0;59:3061;62:0;65:0;68:18084;72:0;75:0;78:26145;81:0;85:0;88:6732;91:0;95:0;98:770;101:0;104:0;108:180;111:0;114:0;117:151;121:0;124:0;127:105;130:30;134:0;137:54;140:17;143:0;147:23;150:11;153:0;157:13;160:5;163:0;166:17;170:6;173:0;176:0;179:41;183:0;186:0;189:14;192:0;196:0;199:11;202:0;205:0;209:11;212:0;215:0;219:11;222:0;225:0;228:13;232:0;235:0;238:22;241:0;245:0;248:13;251:0;254:0;258:14;261:0;264:0;267:10;271:0;274:0;277:12;,32786277104,23094463199,128216553,24051349
latency_dist,latency_distribution,spinlock,2,0,7,16262305.33,60.94,70.00,90.00,101.00,95.69,157.03,48786916,0.00,0.07,nan,nan,nan,2,1005,p999=290;hist_clip=p999;hist_overflow=91;gini=0.068305;os_perf=on;hist=20:10324;23:0;26:7670;30:506;33:0;36:11299;40:946;43:0;47:12499;50:1383;53:0;57:2297;60:316;63:0;67:15311;70:2319;74:0;77:21904;80:3844;84:0;87:6347;90:1336;94:0;97:691;101:150;104:0;107:165;111:0;114:0;117:99;121:0;124:0;128:101;131:0;134:0;138:92;141:0;144:0;148:39;151:0;155:0;158:22;161:0;165:0;168:19;171:0;175:0;178:32;182:0;185:0;188:32;192:0;195:0;198:30;202:0;205:0;209:21;212:0;215:0;219:15;222:0;225:0;229:12;232:0;236:0;239:20;242:0;246:0;249:20;252:0;256:0;259:11;263:0;266:0;269:8;273:0;276:0;279:16;283:0;286:13;,32747767823,22896722051,127958207,27163043
latency_dist,latency_distribution,mcs_lock,2,0,0,15604601.33,68.22,80.00,100.00,120.00,162.85,238.71,46813804,0.00,0.08,nan,nan,nan,3,417,p999=311;hist_clip=p999;hist_overflow=94;gini=0.080246;os_perf=on;hist=20:1874;23:0;27:11807;30:722;34:0;38:8490;41:0;45:0;49:18782;52:0;56:2072;60:288;63:0;67:3036;70:476;74:0;78:31054;81:0;85:0;89:13660;92:0;96:5059;100:1143;103:0;107:394;110:119;114:0;118:64;121:0;125:0;129:149;132:0;136:41;140:17;143:0;147:30;150:26;154:0;158:61;161:0;165:0;169:68;172:0;176:43;180:14;183:0;187:31;190:21;194:0;198:71;201:0;205:0;209:58;212:0;216:32;220:16;223:0;227:17;230:20;234:0;238:24;241:0;245:0;249:13;252:0;256:12;260:11;263:0;267:9;270:10;274:0;278:14;281:0;285:0;289:14;292:0;296:11;300:9;303:0;307:24;,32825346126,22449151269,137405006,22588854
latency_dist,latency_distribution,mcs_lock,2,0,1,15639192.00,67.61,80.00,100.00,150.00,150.53,222.64,46917576,0.00,0.09,nan,nan,nan,4,654,p999=301;hist_clip=p999;hist_overflow=92;gini=0.091258;os_perf=on;hist=20:2270;23:0;27:13664;30:813;34:0;37:8627;41:0;44:0;48:18347;51:0;55:0;58:1811;62:0;65:0;69:2272;72:0;76:0;79:31437;83:0;86:9955;90:2094;93:0;97:5492;100:1270;104:0;107:530;111:0;114:0;118:129;121:0;125:0;128:148;132:0;135:0;139:111;142:0;146:0;149:65;153:0;156:24;160:7;164:0;167:76;171:0;174:0;178:41;181:0;185:0;188:51;192:0;195:0;199:173;202:0;206:0;209:221;213:0;216:65;220:39;223:0;227:27;230:31;234:0;237:15;241:0;244:0;248:17;251:0;255:0;258:17;262:0;265:0;269:10;272:0;276:0;279:17;283:0;286:6;290:12;293:0;297:24;,32803445042,22340236986,135005804,39027571
latency_dist,latency_distribution,mcs_lock,2,0,2,15663864.33,67.11,80.00,100.00,130.00,69.69,103.85,46991593,0.00,0.09,nan,nan,nan,2,583,p999=301;hist_clip=p999;hist_overflow=89;gini=0.088870;os_perf=on;hist=20:2205;23:0;27:12535;30:744;34:0;37:8775;41:0;44:0;48:18212;51:0;55:0;58:1917;62:0;65:0;69:3034;72:0;76:0;79:31874;83:0;86:10616;90:2121;93:0;97:5012;100:1164;104:0;107:484;111:0;114:0;118:81;121:0;125:0;128:297;132:0;135:0;139:111;142:0;146:0;149:48;153:0;156:23;160:9;164:0;167:67;171:0;174:0;178:44;181:0;185:0;188:67;192:0;195:0;199:153;202:0;206:0;209:176;213:0;216:19;220:13;223:0;227:12;230:4;234:0;237:13;241:0;244:0;248:16;251:0;255:0;258:15;262:0;265:0;269:11;272:0;276:0;279:8;283:0;286:2;290:9;293:0;297:20;,32828819935,22284796182,137003511,31260644
latency_dist,latency_distribution,mcs_lock,2,0,3,15501692.33,68.14,80.00,100.00,191.00,88.74,130.24,46505077,0.00,0.09,nan,nan,nan,2,824,p999=291;hist_clip=p999;hist_overflow=100;gini=0.085372;os_perf=on;hist=20:2096;23:0;26:12526;30:763;33:0;36:7769;40:631;43:0;47:16558;50:1776;53:0;57:1765;60:223;64:0;67:2615;70:414;74:0;77:25482;80:4563;84:0;87:13442;91:0;94:0;97:6609;101:0;104:0;108:788;111:0;114:0;118:239;121:0;125:0;128:302;131:0;135:0;138:88;141:0;145:0;148:64;152:0;155:0;158:28;162:0;165:0;169:122;172:0;175:0;179:65;182:0;185:0;189:88;192:0;196:0;199:190;202:0;206:0;209:422;213:0;216:0;219:126;223:0;226:37;230:21;233:0;236:9;240:6;243:0;246:13;250:9;253:0;257:10;260:9;263:0;267:5;270:7;274:0;277:4;280:6;284:0;287:10;,32793213782,22153626377,137468334,31182150
latency_dist,latency_distribution,mcs_lock,2,0,4,15608597.33,67.74,80.00,100.00,130.00,71.26,105.19,46825792,0.00,0.08,nan,nan,nan,4,811,p999=270;hist_clip=p999;hist_overflow=99;gini=0.081422;os_perf=on;hist=20:1974;23:0;26:0;29:12617;32:0;35:0;38:8424;41:0;45:0;48:18988;51:0;54:0;57:1804;60:223;63:0;66:0;70:3403;73:0;76:0;79:29071;82:0;85:0;88:14647;91:0;95:0;98:6979;101:0;104:0;107:508;110:153;113:0;116:0;120:144;123:0;126:0;129:180;132:0;135:0;138:53;141:0;145:0;148:32;151:0;154:0;157:33;160:14;163:0;166:0;170:89;173:0;176:0;179:59;182:0;185:0;188:95;191:0;195:0;198:113;201:0;204:0;207:114;210:73;213:0;216:0;220:45;223:0;226:0;229:26;232:0;235:0;238:15;241:0;245:0;248:11;251:0;254:0;257:5;260:6;263:0;266:3;,32800103368,22340304227,137811282,21964058
latency_dist,latency_distribution,mcs_lock,2,0,5,15626740.67,67.24,80.00,100.00,140.00,111.93,166.48,46880222,0.00,0.09,nan,nan,nan,4,775,p999=300;hist_clip=p999;hist_overflow=94;gini=0.089113;os_perf=on;hist=20:2219;23:0;27:13106;30:813;34:0;37:7757;41:643;44:0;48:18248;51:0;55:0;58:2039;62:0;65:0;69:2700;72:0;76:0;79:30934;83:0;86:0;90:13147;93:0;97:4989;100:1139;104:0;107:405;111:85;114:0;118:211;121:0;125:0;128:472;132:0;135:0;139:154;142:0;146:0;149:101;153:0;156:0;160:56;163:0;167:52;170:31;174:0;177:16;181:22;184:0;188:62;191:0;195:0;198:98;202:0;205:0;209:111;212:0;216:0;219:153;223:0;226:0;230:62;233:0;237:12;240:9;244:0;247:7;251:4;254:0;258:12;261:0;265:0;268:9;272:0;275:0;279:7;282:0;286:0;289:13;293:0;296:8;,32806741669,22276169185,136787929,29563449
latency_dist,latency_distribution,mcs_lock,2,0,6,15615538.00,67.13,80.00,100.00,120.00,95.75,142.64,46846614,0.00,0.08,nan,nan,nan,3,745,p999=301;hist_clip=p999;hist_overflow=95;gini=0.080920;os_perf=on;hist=20:2011;23:0;27:12312;30:717;34:0;37:9301;41:0;44:0;48:18008;51:0;55:0;58:1942;62:0;65:0;69:3421;72:0;76:0;79:31897;83:0;86:10799;90:2178;93:0;97:4730;100:1096;104:0;107:534;111:0;114:0;118:104;121:0;125:0;128:190;132:0;135:0;139:78;142:0;146:0;149:48;153:0;156:36;160:10;164:0;167:61;171:0;174:0;178:48;181:0;185:0;188:45;192:0;195:0;199:93;202:0;206:0;209:120;213:0;216:15;220:9;223:0;227:9;230:5;234:0;237:13;241:0;244:0;248:16;251:0;255:0;258:14;262:0;265:0;269:9;272:0;276:0;279:8;283:0;286:5;290:4;293:0;297:19;,32812318262,22556448754,135950420,29065631
latency_dist,latency_distribution,mcs_lock,2,0,7,15729055.00,65.55,80.00,100.00,101.00,53.95,82.29,47187165,0.00,0.08,nan,nan,nan,4,931,p999=260;hist_clip=p999;hist_overflow=93;gini=0.084123;os_perf=on;hist=20:2159;23:0;26:0;29:14124;32:0;35:0;38:8371;41:671;44:0;47:0;50:18692;53:0;56:0;59:1337;62:0;65:0;68:2285;71:355;74:0;77:0;80:32780;83:0;86:0;89:11991;92:0;95:0;98:5178;101:1166;104:0;107:0;110:386;113:0;116:0;119:59;122:0;125:0;128:45;131:10;134:0;137:0;140:58;143:0;146:0;149:35;152:0;155:0;158:19;161:9;164:0;167:0;170:36;173:0;176:0;179:14;182:0;185:0;188:9;191:8;194:0;197:0;200:23;203:0;206:0;209:31;212:0;215:0;218:16;221:4;224:0;227:0;230:5;233:0;236:0;239:7;242:0;245:0;248:5;251:11;254:0;257:8;,32784146472,22912424684,132791881,37000572
latency_dist,latency_distribution,semaphore,2,0,0,14258680.67,72.57,80.00,100.00,271.00,109.28,150.59,42776042,0.00,0.09,nan,nan,nan,2,28496,p999=521;hist_clip=p999;hist_overflow=99;gini=0.088208;os_perf=on;hist=20:5249;26:10224;32:0;38:13314;45:11109;51:0;57:4449;63:3003;70:449;76:32660;82:0;88:14370;95:288;101:0;107:151;113:286;120:89;126:375;132:0;138:208;145:144;151:0;157:127;164:135;170:54;176:159;182:0;189:237;195:177;201:0;207:131;214:71;220:72;226:243;232:0;239:446;245:208;251:0;257:284;264:174;270:168;276:153;283:0;289:121;295:132;301:0;308:86;314:25;320:26;326:38;333:0;339:35;345:36;351:0;358:25;364:6;370:19;376:16;383:0;389:13;395:12;402:0;408:13;414:1;420:8;427:9;433:0;439:9;445:10;452:0;458:12;464:0;470:6;477:10;483:0;489:10;495:7;502:0;508:4;514:5;,32281235136,28095512310,168513834,36548491
latency_dist,latency_distribution,semaphore,2,0,1,14273351.33,74.04,80.00,120.00,280.00,194.50,262.71,42820054,0.00,0.09,nan,nan,nan,4,28612,p999=821;hist_clip=p999;hist_overflow=100;gini=0.086044;os_perf=on;hist=20:14242;30:13681;40:12794;50:6217;60:1557;70:25912;80:17502;90:2788;100:174;110:374;120:439;130:265;140:174;150:138;160:159;170:148;180:223;190:199;200:162;210:184;220:247;230:311;240:272;250:266;260:328;270:279;280:193;290:148;300:125;310:62;320:41;330:31;340:41;350:26;360:31;370:13;380:20;390:9;400:2;410:10;420:12;430:7;440:14;450:7;460:13;470:5;480:10;490:6;500:6;510:2;520:2;530:1;540:4;550:1;560:1;570:2;580:2;590:1;600:1;610:2;620:1;630:2;640:0;650:2;660:1;670:0;680:0;690:0;700:1;710:0;720:1;730:0;740:0;750:2;760:0;770:0;780:1;790:0;800:0;810:3;,32223382708,28293036301,169046206,31010410
latency_dist,latency_distribution,semaphore,2,0,2,14366696.00,73.91,80.00,100.00,281.00,249.11,337.04,43100088,0.00,0.09,nan,nan,nan,2,18737,p999=541;hist_clip=p999;hist_overflow=97;gini=0.090550;os_perf=on;hist=20:5257;26:9553;33:0;39:14344;46:12614;52:0;59:4646;65:1944;72:0;78:30541;85:16007;91:0;98:202;104:101;111:0;117:237;124:320;130:111;137:219;143:123;150:58;156:129;163:0;169:189;176:180;182:0;189:169;195:133;202:0;208:110;215:131;221:0;228:286;234:323;241:0;247:265;254:186;260:179;267:287;273:90;280:105;287:129;293:52;300:59;306:71;313:0;319:58;326:57;332:0;339:66;345:54;352:0;358:55;365:57;371:0;378:37;384:39;391:0;397:14;404:3;410:12;417:8;423:1;430:8;436:8;443:0;449:8;456:13;462:0;469:8;475:11;482:0;488:3;495:10;501:0;508:1;514:9;521:0;527:7;534:6;,32433212932,28208158131,171170586,31794929
latency_dist,latency_distribution,semaphore,2,0,3,14331944.33,72.37,80.00,91.00,281.00,135.53,187.27,42995833,0.00,0.09,nan,nan,nan,4,15290,p999=491;hist_clip=p999;hist_overflow=98;gini=0.092549;os_perf=on;hist=20:5493;25:10155;31:0;37:13155;43:0;49:10532;55:3998;61:0;67:4194;72:0;78:33391;84:11853;90:2362;96:181;102:0;108:101;114:214;120:58;125:258;131:0;137:218;143:0;149:164;155:116;161:0;167:188;173:0;178:176;184:143;190:54;196:190;202:0;208:112;214:80;220:61;226:407;231:0;237:342;243:0;249:202;255:308;261:0;267:214;273:0;279:143;284:44;290:71;296:113;302:0;308:61;314:26;320:33;326:78;332:0;337:80;343:0;349:58;355:43;361:0;367:47;373:0;379:46;385:6;390:17;396:14;402:0;408:9;414:3;420:18;426:12;432:0;438:12;443:0;449:10;455:10;461:0;467:8;473:0;479:10;485:10;,32477463262,27868481792,171085365,35594512
latency_dist,latency_distribution,semaphore,2,0,4,14231750.67,74.59,80.00,101.00,281.00,218.53,292.96,42695252,0.00,0.08,nan,nan,nan,2,20012,p999=1493;hist_clip=p999;hist_overflow=100;gini=0.082844;os_perf=on;hist=20:15156;38:26864;56:6388;75:46413;93:340;112:739;130:299;148:272;167:342;185:328;204:287;222:366;240:368;259:704;277:330;296:239;314:108;333:74;351:40;369:62;388:44;406:25;425:19;443:20;461:10;480:13;498:11;517:7;535:7;553:4;572:3;590:5;609:3;627:1;646:0;664:1;682:0;701:0;719:3;738:1;756:0;774:0;793:0;811:0;830:0;848:0;866:0;885:0;903:0;922:1;940:0;959:0;977:0;995:0;1014:0;1032:0;1051:0;1069:0;1087:0;1106:0;1124:0;1143:0;1161:0;1179:0;1198:0;1216:0;1235:0;1253:0;1272:0;1290:0;1308:0;1327:2;1345:0;1364:0;1382:0;1400:0;1419:0;1437:0;1456:0;1474:1;,32407102326,28146675784,171881967,35410661
latency_dist,latency_distribution,semaphore,2,0,5,14282135.33,73.84,80.00,120.00,290.00,134.80,182.55,42846406,0.00,0.09,nan,nan,nan,0,20302,p999=591;hist_clip=p999;hist_overflow=100;gini=0.085420;os_perf=on;hist=20:4930;27:9297;34:13782;41:0;48:13887;55:5727;62:0;69:605;77:29813;84:16407;91:0;98:217;105:143;112:0;119:354;127:426;134:221;141:0;148:162;155:202;162:0;169:155;177:192;184:277;191:0;198:147;205:150;212:0;219:219;226:277;234:327;241:0;248:210;255:344;262:0;269:334;276:165;284:162;291:0;298:147;305:98;312:0;319:49;326:59;334:60;341:0;348:49;355:35;362:0;369:31;376:36;384:46;391:0;398:29;405:13;412:0;419:7;426:9;433:12;441:0;448:12;455:8;462:0;469:10;476:8;483:9;491:0;498:7;505:1;512:0;519:4;526:5;533:6;541:0;548:5;555:5;562:0;569:3;576:3;583:2;,32450107413,28386726120,173525614,29115803
latency_dist,latency_distribution,semaphore,2,0,6,14327195.33,73.31,80.00,120.00,280.00,128.09,174.73,42981586,0.00,0.09,nan,nan,nan,1,31427,p999=531;hist_clip=p999;hist_overflow=95;gini=0.089521;os_perf=on;hist=20:5375;26:10256;32:0;39:13264;45:11515;51:0;58:4695;64:2776;71:0;77:31451;83:12586;90:2542;96:396;103:0;109:138;115:300;122:0;128:313;134:218;141:0;147:186;154:103;160:54;166:225;173:0;179:193;186:246;192:0;198:193;205:145;211:0;218:163;224:204;230:165;237:411;243:0;249:191;256:352;262:0;269:260;275:159;281:0;288:148;294:118;301:0;307:63;313:26;320:26;326:67;332:0;339:60;345:31;352:0;358:35;364:38;371:0;377:31;384:12;390:14;396:18;403:0;409:17;416:11;422:0;428:15;435:19;441:0;447:9;454:0;460:10;467:10;473:0;479:5;486:20;492:0;499:10;505:5;511:0;518:4;524:8;,32197742333,27961346725,167530586,34781721
latency_dist,latency_distribution,semaphore,2,0,7,14124918.00,74.32,80.00,120.00,290.00,113.02,152.08,42374754,0.00,0.09,nan,nan,nan,3,30626,p999=731;hist_clip=p999;hist_overflow=100;gini=0.093652;os_perf=on;hist=20:5530;28:10271;37:12833;46:10226;55:3695;64:4077;73:33323;82:14347;91:0;99:329;108:167;117:455;126:388;135:213;144:170;153:126;162:181;171:0;179:162;188:236;197:182;206:171;215:126;224:279;233:344;242:242;251:0;259:391;268:338;277:149;286:167;295:112;304:108;313:81;322:82;331:0;339:55;348:58;357:35;366:26;375:31;384:24;393:11;402:9;411:0;419:14;428:4;437:8;446:14;455:16;464:16;473:10;482:9;491:0;499:9;508:5;517:3;526:0;535:5;544:2;553:3;562:2;571:0;579:4;588:5;597:4;606:4;615:3;624:1;633:4;642:1;651:0;659:0;668:2;677:0;686:0;695:1;704:0;713:0;722:1;,32288398974,27990934268,167665502,40758938
latency_dist,latency_distribution,mutex,4,0,0,13844833.33,238.35,80.00,621.00,4779.10,763.61,320.37,41534500,0.00,0.11,nan,nan,nan,4,659537,p999=8216;hist_clip=p999;hist_overflow=199;gini=0.109696;os_perf=on;hist=20:141726;122:19069;224:11442;327:8162;429:6356;532:3670;634:1977;737:1222;839:855;942:497;1044:378;1146:230;1249:126;1351:107;1454:56;1556:32;1659:16;1761:22;1864:13;1966:13;2069:121;2171:308;2273:262;2376:112;2478:62;2581:30;2683:35;2786:131;2888:156;2991:245;3093:154;3195:109;3298:42;3400:29;3503:15;3605:14;3708:9;3810:7;3913:4;4015:1;4118:2;4220:1;4322:1;4425:1;4527:7;4630:100;4732:160;4835:155;4937:126;5040:102;5142:74;5244:50;5347:38;5449:22;5552:18;5654:14;5757:9;5859:3;5962:8;6064:8;6167:4;6269:3;6371:8;6474:57;6576:143;6679:159;6781:167;6884:122;6986:99;7089:71;7191:52;7293:39;7396:40;7498:31;7601:24;7703:18;7806:19;7908:14;8011:7;8113:10;,53600268229,45346795543,265415798,101790283
latency_dist,latency_distribution,mutex,4,0,1,13673933.33,242.74,80.00,621.00,4769.00,780.74,321.64,41021800,0.00,0.11,nan,nan,nan,4,650289,p999=9017;hist_clip=p999;hist_overflow=200;gini=0.114939;os_perf=on;hist=20:141449;132:19537;244:13485;357:8561;469:5772;582:3054;694:1607;807:952;919:663;1032:368;1144:198;1257:157;1369:80;1482:62;1594:30;1706:22;1819:12;1931:18;2044:78;2156:285;2269:244;2381:126;2494:68;2606:34;2719:59;2831:152;2944:262;3056:220;3168:92;3281:59;3393:33;3506:19;3618:21;3731:14;3843:6;3956:7;4068:3;4181:4;4293:3;4406:2;4518:14;4630:124;4743:165;4855:152;4968:130;5080:87;5193:45;5305:40;5418:32;5530:21;5643:7;5755:6;5868:5;5980:9;6092:6;6205:4;6317:8;6430:38;6542:107;6655:159;6767:154;6880:133;6992:128;7105:86;7217:62;7330:55;7442:38;7554:31;7667:28;7779:12;7892:14;8004:8;8117:7;8229:9;8342:6;8454:7;8567:11;8679:12;8792:12;8904:10;,53452421260,44971526661,266560994,103443842
latency_dist,latency_distribution,mutex,4,0,2,13754049.00,238.23,80.00,621.00,4759.00,769.44,322.98,41262147,0.00,0.11,nan,nan,nan,6,663742,p999=8055;hist_clip=p999;hist_overflow=200;gini=0.105901;os_perf=on;hist=20:140785;120:19574;220:12104;321:8205;421:5676;522:3770;622:2180;723:1276;823:841;923:583;1024:336;1124:201;1225:127;1325:72;1426:57;1526:35;1627:18;1727:21;1827:15;1928:12;2028:33;2129:278;2229:302;2330:167;2430:96;2530:53;2631:33;2731:49;2832:96;2932:203;3033:218;3133:142;3234:77;3334:42;3434:28;3535:13;3635:12;3736:9;3836:9;3937:5;4037:4;4137:1;4238:2;4338:2;4439:3;4539:45;4640:160;4740:199;4841:159;4941:132;5041:71;5142:57;5242:37;5343:19;5443:16;5544:9;5644:14;5744:11;5845:8;5945:2;6046:2;6146:5;6247:3;6347:8;6448:53;6548:146;6648:180;6749:158;6849:125;6950:69;7050:78;7151:62;7251:42;7351:44;7452:40;7552:27;7653:17;7753:17;7854:12;7954:8;,53104725033,44934149281,264388274,101266821
latency_dist,latency_distribution,mutex,4,0,3,13718431.33,237.87,80.00,611.00,4739.00,773.75,325.28,41155294,0.00,0.11,nan,nan,nan,6,646890,p999=8155;hist_clip=p999;hist_overflow=199;gini=0.114579;os_perf=on;hist=20:141533;121:18366;223:12543;325:8384;426:5789;528:3747;630:2266;731:1238;833:763;935:508;1036:298;1138:227;1240:119;1341:82;1443:45;1545:33;1647:14;1748:15;1850:6;1952:11;2053:75;2155:282;2257:246;2358:142;2460:83;2562:53;2663:29;2765:73;2867:181;2968:251;3070:184;3172:112;3274:56;3375:34;3477:22;3579:19;3680:7;3782:7;3884:6;3985:6;4087:6;4189:1;4290:1;4392:1;4494:9;4595:70;4697:174;4799:155;4901:114;5002:78;5104:61;5206:38;5307:33;5409:22;5511:17;5612:7;5714:8;5816:5;5917:7;6019:11;6121:5;6222:12;6324:10;6426:41;6528:114;6629:152;6731:158;6833:131;6934:109;7036:93;7138:75;7239:54;7341:45;7443:48;7544:21;7646:17;7748:13;7849:13;7951:9;8053:8;,53393502996,44806632223,264703809,104961972
latency_dist,latency_distribution,mutex,4,0,4,13703635.33,238.94,80.00,621.00,4799.00,767.35,321.15,41110906,0.00,0.11,nan,nan,nan,7,645072,p999=8887;hist_clip=p999;hist_overflow=200;gini=0.107119;os_perf=on;hist=20:142430;130:19531;241:12674;352:8327;463:5595;574:3141;685:1723;795:1036;906:627;1017:397;1128:230;1239:138;1350:81;1460:48;1571:26;1682:15;1793:16;1904:11;2015:28;2125:187;2236:282;2347:187;2458:113;2569:69;2680:44;2790:111;2901:206;3012:261;3123:129;3234:88;3345:38;3455:26;3566:22;3677:10;3788:7;3899:3;4010:6;4120:3;4231:1;4342:1;4453:4;4564:21;4675:84;4786:179;4896:173;5007:133;5118:105;5229:72;5340:35;5451:15;5561:17;5672:10;5783:8;5894:6;6005:10;6116:8;6226:7;6337:8;6448:45;6559:88;6670:144;6781:153;6891:122;7002:127;7113:80;7224:64;7335:49;7446:30;7556:32;7667:23;7778:13;7889:16;8000:10;8111:8;8221:7;8332:2;8443:4;8554:3;8665:7;8776:10;,53138314925,45087439469,264548937,101641815
latency_dist,latency_distribution,mutex,4,0,5,13624810.00,241.67,80.00,631.00,4789.00,767.57,317.61,40874430,0.00,0.12,nan,nan,nan,5,657806,p999=8236;hist_clip=p999;hist_overflow=200;gini=0.116495;os_perf=on;hist=20:140712;122:19042;225:11557;328:8574;430:6461;533:3746;636:2192;738:1333;841:867;944:530;1047:339;1149:226;1252:125;1355:96;1457:57;1560:48;1663:22;1765:13;1868:12;1971:19;2074:113;2176:291;2279:245;2382:101;2484:68;2587:32;2690:47;2792:91;2895:162;2998:219;3101:156;3203:102;3306:62;3409:34;3511:17;3614:10;3717:14;3819:6;3922:8;4025:4;4128:4;4230:2;4333:2;4436:3;4538:23;4641:136;4744:146;4846:177;4949:137;5052:77;5155:64;5257:51;5360:31;5463:21;5565:15;5668:7;5771:5;5873:10;5976:9;6079:2;6182:7;6284:2;6387:18;6490:79;6592:152;6695:166;6798:126;6900:115;7003:105;7106:69;7209:81;7311:58;7414:41;7517:27;7619:22;7722:23;7825:13;7927:7;8030:7;8133:7;,53325942952,45014373769,264000388,98146410
latency_dist,latency_distribution,mutex,4,0,6,13611129.33,243.21,80.00,622.00,4809.00,797.07,327.72,40833388,0.00,0.12,nan,nan,nan,5,647865,p999=9218;hist_clip=p999;hist_overflow=200;gini=0.122099;os_perf=on;hist=20:143802;134:18353;249:13744;364:7791;479:5386;594:2831;709:1650;824:923;939:631;1054:314;1169:191;1284:119;1399:78;1514:30;1629:24;1744:19;1859:9;1974:17;2089:177;2204:305;2319:201;2434:123;2549:64;2664:44;2779:82;2894:209;3009:229;3124:181;3239:102;3354:55;3469:39;3584:19;3699:8;3814:12;3929:7;4044:5;4159:3;4274:5;4389:1;4504:11;4619:86;4733:170;4848:174;4963:131;5078:79;5193:57;5308:41;5423:25;5538:13;5653:18;5768:9;5883:3;5998:4;6113:6;6228:4;6343:10;6458:50;6573:154;6688:198;6803:138;6918:148;7033:109;7148:82;7263:56;7378:41;7493:41;7608:32;7723:23;7838:19;7953:8;8068:10;8183:9;8298:6;8413:9;8528:4;8643:10;8758:9;8873:7;8988:7;9103:6;,53235560930,44611584851,263237655,101860167
latency_dist,latency_distribution,mutex,4,0,7,13616784.33,236.55,80.00,612.00,4728.00,763.46,322.75,40850353,0.00,0.11,nan,nan,nan,5,652701,p999=8305;hist_clip=p999;hist_overflow=200;gini=0.106546;os_perf=on;hist=20:141138;123:19204;227:11872;330:8721;434:5875;537:4006;641:2022;744:1154;848:823;952:456;1055:305;1159:206;1262:123;1366:61;1469:50;1573:32;1677:17;1780:7;1884:14;1987:14;2091:147;2194:296;2298:216;2401:111;2505:56;2609:38;2712:52;2816:99;2919:192;3023:233;3126:135;3230:98;3334:48;3437:20;3541:19;3644:20;3748:4;3851:4;3955:4;4058:3;4162:3;4266:7;4369:1;4473:6;4576:45;4680:140;4783:165;4887:142;4991:111;5094:58;5198:60;5301:33;5405:28;5508:16;5612:8;5715:11;5819:13;5923:4;6026:10;6130:7;6233:6;6337:6;6440:36;6544:86;6648:127;6751:149;6855:127;6958:97;7062:90;7165:69;7269:52;7372:43;7476:40;7580:36;7683:19;7787:17;7890:13;7994:9;8097:5;8201:10;,52847569382,44618415428,262345522,100932105
latency_dist,latency_distribution,spinlock,4,0,0,10049353.00,343.02,250.00,811.00,1322.00,351.40,102.44,30148059,0.00,0.06,nan,nan,nan,7,1364,p999=2424;hist_clip=p999;hist_overflow=200;gini=0.062893;os_perf=on;hist=20:1541;50:3824;80:3557;110:13142;140:21291;170:9662;200:30738;230:20440;260:7623;290:11376;320:12617;350:6521;380:6232;410:7584;440:5058;470:3578;500:4817;530:3973;560:2664;590:2978;621:2887;651:1884;681:1761;711:1400;741:1214;771:1298;801:1054;831:771;861:740;891:663;921:666;951:602;981:581;1011:525;1041:381;1071:470;1101:358;1131:272;1161:287;1191:281;1222:247;1252:204;1282:192;1312:157;1342:141;1372:141;1402:127;1432:111;1462:101;1492:97;1522:104;1552:77;1582:82;1612:47;1642:63;1672:59;1702:54;1732:55;1762:58;1792:37;1823:42;1853:35;1883:23;1913:20;1943:18;1973:24;2003:20;2033:17;2063:15;2093:10;2123:12;2153:21;2183:9;2213:9;2243:10;2273:14;2303:6;2333:8;2363:8;2393:14;,65655981103,14092229068,274130135,48312705
latency_dist,latency_distribution,spinlock,4,0,1,10017190.33,343.17,251.00,812.00,1343.00,309.79,90.27,30051571,0.00,0.06,nan,nan,nan,5,1181,p999=2494;hist_clip=p999;hist_overflow=197;gini=0.062740;os_perf=on;hist=20:1473;50:3825;81:3388;112:14036;143:20194;174:9412;205:36386;236:16826;267:8088;298:13295;329:11997;360:7368;391:7214;422:6457;452:3833;483:4292;514:4481;545:2921;576:2847;607:2458;638:2072;669:1944;700:1898;731:1357;762:1259;793:1139;824:858;854:738;885:750;916:654;947:574;978:608;1009:495;1040:394;1071:534;1102:356;1133:277;1164:274;1195:266;1226:217;1257:207;1287:177;1318:172;1349:155;1380:131;1411:125;1442:145;1473:113;1504:89;1535:91;1566:78;1597:70;1628:69;1659:63;1689:49;1720:58;1751:56;1782:51;1813:45;1844:47;1875:30;1906:41;1937:25;1968:29;1999:28;2030:25;2061:22;2091:14;2122:10;2153:18;2184:13;2215:19;2246:7;2277:15;2308:16;2339:10;2370:7;2401:9;2432:10;2463:9;,65648238758,14031492216,274342497,49183228
latency_dist,latency_distribution,spinlock,4,0,2,10185772.67,336.71,250.00,772.00,1303.00,339.57,100.85,30557318,0.00,0.06,nan,nan,nan,5,819,p999=2485;hist_clip=p999;hist_overflow=198;gini=0.064462;os_perf=on;hist=20:1101;50:3566;81:3031;112:14996;143:20241;174:9694;204:36587;235:17197;266:8939;297:14304;328:10275;358:5895;389:7827;420:8626;451:3684;482:4237;513:4444;543:2788;574:2978;605:2542;636:1974;667:1781;697:1480;728:1203;759:1145;790:1174;821:744;851:751;882:584;913:550;944:500;975:478;1006:408;1036:412;1067:346;1098:300;1129:221;1160:245;1190:218;1221:232;1252:197;1283:172;1314:142;1344:149;1375:121;1406:98;1437:103;1468:102;1499:87;1529:74;1560:88;1591:75;1622:75;1653:58;1683:45;1714:45;1745:43;1776:27;1807:46;1837:37;1868:33;1899:31;1930:33;1961:24;1992:21;2022:16;2053:29;2084:18;2115:13;2146:16;2176:10;2207:9;2238:8;2269:5;2300:12;2330:9;2361:9;2392:7;2423:6;2454:11;,65696612960,14226582478,280863965,49970806
latency_dist,latency_distribution,spinlock,4,0,3,10203530.67,336.80,251.00,772.00,1253.09,373.16,110.79,30610592,0.00,0.06,nan,nan,nan,3,678,p999=2315;hist_clip=p999;hist_overflow=200;gini=0.062373;os_perf=on;hist=20:747;48:1778;77:3894;106:9059;134:22608;163:9805;192:20404;220:27912;249:11199;278:10696;306:15416;335:7809;364:6204;392:7800;421:4996;450:4306;479:3893;507:4543;536:3280;565:2876;593:2935;622:1932;651:1472;679:1746;708:1348;737:1099;765:1239;794:1053;823:612;851:531;880:687;909:611;938:470;966:505;995:470;1024:378;1052:268;1081:349;1110:268;1138:218;1167:229;1196:193;1224:162;1253:155;1282:129;1310:125;1339:117;1368:128;1397:128;1425:81;1454:89;1483:69;1511:67;1540:57;1569:67;1597:67;1626:48;1655:47;1683:37;1712:38;1741:39;1769:46;1798:36;1827:25;1856:26;1884:15;1913:19;1942:13;1970:20;1999:13;2028:12;2056:20;2085:10;2114:13;2142:8;2171:8;2200:3;2228:11;2257:5;2286:9;,65700051143,14231893911,278698700,51291836
latency_dist,latency_distribution,spinlock,4,0,4,9990649.67,345.10,251.00,812.00,1342.01,423.45,122.70,29971949,0.00,0.06,nan,nan,nan,5,753,p999=2465;hist_clip=p999;hist_overflow=198;gini=0.059966;os_perf=on;hist=20:1304;50:3802;81:3225;111:13743;142:19848;172:9644;203:36261;233:17719;264:8443;295:13259;325:11056;356:6124;386:6783;417:7209;447:4191;478:3980;509:4588;539:3242;570:2721;600:3377;631:2047;661:2098;692:1634;722:1344;753:1263;784:1163;814:968;845:735;875:776;906:714;936:603;967:610;998:566;1028:394;1059:452;1089:388;1120:298;1150:276;1181:242;1211:276;1242:237;1273:212;1303:166;1334:134;1364:158;1395:125;1425:123;1456:112;1487:113;1517:80;1548:90;1578:91;1609:79;1639:52;1670:53;1700:45;1731:44;1762:60;1792:58;1823:38;1853:38;1884:31;1914:25;1945:28;1976:25;2006:18;2037:29;2067:22;2098:23;2128:23;2159:11;2189:10;2220:9;2251:18;2281:6;2312:13;2342:12;2373:4;2403:9;2434:12;,65654468689,14010218461,274614095,50653963
latency_dist,latency_distribution,spinlock,4,0,5,10232939.00,336.78,251.00,781.00,1293.00,268.50,79.73,30698817,0.00,0.07,nan,nan,nan,5,401,p999=2455;hist_clip=p999;hist_overflow=197;gini=0.069843;os_perf=on;hist=20:989;50:3395;80:3312;111:14689;141:19483;172:8849;202:36299;233:17827;263:9634;293:14966;324:10538;354:5735;385:7329;415:7278;446:4480;476:3812;507:4507;537:3137;567:2842;598:2936;628:2142;659:1767;689:1556;720:1242;750:1180;780:1259;811:891;841:732;872:669;902:604;933:492;963:510;994:506;1024:344;1054:423;1085:323;1115:256;1146:266;1176:230;1207:207;1237:185;1267:193;1298:159;1328:120;1359:121;1389:99;1420:91;1450:105;1481:125;1511:77;1541:81;1572:92;1602:64;1633:61;1663:49;1694:33;1724:37;1754:43;1785:33;1815:40;1846:32;1876:34;1907:22;1937:34;1968:18;1998:27;2028:18;2059:27;2089:17;2120:19;2150:14;2181:8;2211:13;2241:13;2272:12;2302:8;2333:7;2363:14;2394:12;2424:10;,65764721495,14259915033,278581530,53569985
latency_dist,latency_distribution,spinlock,4,0,6,10274864.67,334.86,251.00,771.00,1282.00,284.95,85.09,30824594,0.00,0.07,nan,nan,nan,6,685,p999=2445;hist_clip=p999;hist_overflow=200;gini=0.068023;os_perf=on;hist=20:1075;50:3456;80:3285;110:14813;141:21746;171:9971;201:34836;232:15942;262:8910;292:14747;323:10282;353:5983;383:7677;414:7869;444:4462;474:3866;505:4737;535:3214;565:2688;595:2969;626:1931;656:1786;686:1630;717:1277;747:1127;777:1171;808:870;838:666;868:593;899:580;929:466;959:525;990:529;1020:350;1050:426;1080:334;1111:227;1141:242;1171:293;1202:187;1232:169;1262:182;1293:148;1323:130;1353:138;1384:107;1414:95;1444:98;1475:86;1505:65;1535:68;1565:84;1596:67;1626:56;1656:67;1687:43;1717:37;1747:42;1778:32;1808:36;1838:24;1869:32;1899:16;1929:29;1960:25;1990:21;2020:20;2050:20;2081:14;2111:15;2141:8;2172:19;2202:5;2232:12;2263:12;2293:10;2323:8;2354:10;2384:4;2414:8;,65700701961,14316499420,279263714,48622785
latency_dist,latency_distribution,spinlock,4,0,7,10265431.33,333.63,250.00,771.00,1262.00,283.59,85.00,30796294,0.00,0.06,nan,nan,nan,4,304,p999=2314;hist_clip=p999;hist_overflow=198;gini=0.058457;os_perf=on;hist=20:756;48:1739;77:3903;106:11229;134:22585;163:9930;192:20131;220:27529;249:11129;278:9844;306:14887;335:8100;364:6101;392:7562;421:5241;450:4148;478:3820;507:4426;536:3187;564:2784;593:2886;622:1486;650:1895;679:1853;708:1489;736:1174;765:1133;794:1007;822:591;851:583;880:645;908:571;937:516;966:549;994:481;1023:400;1052:240;1080:319;1109:282;1138:216;1167:218;1195:217;1224:189;1253:125;1281:176;1310:129;1339:109;1367:132;1396:107;1425:84;1453:78;1482:78;1511:84;1539:58;1568:75;1597:47;1625:52;1654:52;1683:30;1711:41;1740:40;1769:29;1797:28;1826:26;1855:23;1883:25;1912:13;1941:21;1969:16;1998:25;2027:19;2055:21;2084:12;2113:7;2141:14;2170:14;2199:11;2227:10;2256:12;2285:8;,65789821021,14295768449,283312596,49666008
latency_dist,latency_distribution,mcs_lock,4,0,0,11568535.67,278.39,271.00,361.00,401.00,165.33,59.39,34705607,0.00,0.00,nan,nan,nan,5,273,p999=671;hist_clip=p999;hist_overflow=196;gini=0.004744;os_perf=on;hist=20:1;28:11;36:15;44:8;52:7;60:2;68:5;76:7;85:2;93:3;101:0;109:2;117:20;125:64;133:94;142:149;150:48;158:545;166:1177;174:2203;182:2217;190:1253;199:6262;207:8170;215:11455;223:13236;231:0;239:14641;247:15439;255:15813;264:14444;272:6761;280:7395;288:12525;296:11641;304:10238;312:9236;321:0;329:8017;337:7139;345:5744;353:4474;361:0;369:3381;378:2087;386:1446;394:935;402:120;410:414;418:365;426:182;435:116;443:64;451:0;459:38;467:27;475:15;483:11;491:1;500:14;508:12;516:9;524:7;532:0;540:11;548:11;557:6;565:8;573:6;581:1;589:10;597:11;605:8;614:6;622:0;630:4;638:3;646:4;654:2;662:6;,65762937183,20758848806,476416492,75173485
latency_dist,latency_distribution,mcs_lock,4,0,1,11554931.67,279.14,271.00,361.00,401.00,219.63,78.68,34664795,0.00,0.01,nan,nan,nan,5,555,p999=671;hist_clip=p999;hist_overflow=198;gini=0.005796;os_perf=on;hist=20:6;28:46;36:47;44:30;52:35;60:3;68:11;76:3;85:7;93:6;101:0;109:9;117:47;125:101;133:139;142:200;150:75;158:578;166:988;174:1831;182:1999;190:1105;199:5331;207:7530;215:10886;223:12695;231:0;239:14622;247:16036;255:16859;264:16273;272:7167;280:7889;288:13305;296:11803;304:10545;312:9179;321:0;329:7692;337:6512;345:5318;353:4005;361:0;369:2986;378:1926;386:1361;394:848;402:125;410:367;418:335;426:220;435:129;443:73;451:0;459:56;467:50;475:48;483:41;491:0;500:33;508:22;516:26;524:33;532:0;540:25;548:18;557:14;565:17;573:16;581:4;589:19;597:14;605:18;614:12;622:0;630:18;638:7;646:12;654:8;662:8;,65731644372,20705385857,465997992,72406690
latency_dist,latency_distribution,mcs_lock,4,0,2,11475524.00,282.08,271.00,361.00,401.00,255.70,90.65,34426572,0.00,0.01,nan,nan,nan,3,622,p999=732;hist_clip=p999;hist_overflow=196;gini=0.007803;os_perf=on;hist=30:25;38:28;47:15;56:16;65:13;73:9;82:7;91:9;100:0;108:11;117:41;126:96;135:175;144:295;152:531;161:596;170:275;179:1681;187:2857;196:4907;205:7060;214:10045;223:11912;231:7184;240:5925;249:15356;258:16876;266:17004;275:15818;284:14227;293:12465;302:4530;310:6515;319:9693;328:8106;337:6795;345:5524;354:4179;363:2966;372:511;381:1436;389:1425;398:886;407:534;416:314;424:209;433:120;442:81;451:0;459:59;468:41;477:41;486:33;495:26;503:29;512:22;521:0;530:27;538:29;547:15;556:19;565:17;574:13;582:13;591:3;600:18;609:12;617:10;626:8;635:10;644:16;653:11;661:1;670:7;679:6;688:7;696:5;705:5;714:6;723:12;,65707326508,20665055519,458288235,74657136
latency_dist,latency_distribution,mcs_lock,4,0,3,11465584.33,282.43,271.00,361.00,410.00,231.87,82.10,34396753,0.00,0.01,nan,nan,nan,7,717,p999=781;hist_clip=p999;hist_overflow=199;gini=0.011917;os_perf=on;hist=20:1;29:20;39:32;48:25;58:23;67:7;77:12;86:11;96:13;105:10;115:38;124:130;134:238;143:404;153:852;162:1100;172:1817;181:3141;191:3264;200:6209;210:2816;219:9372;229:11456;238:12269;248:14719;257:15994;267:16846;276:15785;286:14701;295:12748;305:11423;314:10016;324:8085;333:6860;343:5662;352:4196;362:3186;371:2162;381:343;390:1303;400:827;410:420;419:301;429:211;438:136;448:89;457:66;467:43;476:35;486:37;495:31;505:17;514:26;524:30;533:22;543:16;552:9;562:9;571:13;581:1;590:20;600:15;609:11;619:11;628:13;638:7;647:12;657:7;666:5;676:9;685:7;695:8;704:8;714:5;723:7;733:6;742:10;752:1;761:6;771:5;,65698510636,20588626623,452222194,78865025
latency_dist,latency_distribution,mcs_lock,4,0,4,11531161.33,279.26,271.00,361.00,401.00,190.76,68.31,34593484,0.00,0.01,nan,nan,nan,7,654,p999=721;hist_clip=p999;hist_overflow=199;gini=0.007216;os_perf=on;hist=20:5;28:24;37:23;46:10;55:15;63:14;72:10;81:3;90:1;98:7;107:14;116:37;125:72;133:134;142:254;151:376;160:152;168:911;177:1703;186:2958;195:5355;204:7447;212:10304;221:7148;230:5492;239:14124;247:16090;256:16649;265:16877;274:15893;282:13740;291:5329;300:6981;309:10643;317:9328;326:7780;335:6383;344:5228;352:3879;361:891;370:2002;379:1879;388:1285;396:787;405:491;414:296;423:175;431:26;440:92;449:72;458:50;466:39;475:44;484:28;493:30;501:0;510:15;519:17;528:20;536:14;545:15;554:11;563:14;572:0;580:19;589:13;598:10;607:15;615:8;624:7;633:9;642:0;650:4;659:9;668:4;677:5;685:2;694:2;703:5;712:3;,65708886288,20727753295,458415303,74665058
latency_dist,latency_distribution,mcs_lock,4,0,5,11513846.00,281.17,271.00,361.00,401.00,186.53,66.34,34541538,0.00,0.01,nan,nan,nan,8,365,p999=691;hist_clip=p999;hist_overflow=199;gini=0.008085;os_perf=on;hist=20:5;28:24;36:42;45:24;53:19;61:13;70:0;78:5;87:1;95:10;103:12;112:30;120:3;129:90;137:191;145:283;154:639;162:690;170:302;179:1603;187:2936;196:5118;204:7235;212:9650;221:0;229:11403;238:12913;246:15511;254:16297;263:17392;271:7646;280:8545;288:14361;296:12435;305:11192;313:9762;321:3015;330:5093;338:6784;347:5463;355:4156;363:3002;372:603;380:1419;389:1425;397:840;405:510;414:311;422:43;430:139;439:125;447:59;456:52;464:34;472:30;481:0;489:27;498:19;506:22;514:18;523:28;531:0;540:21;548:26;556:17;565:18;573:16;581:2;590:12;598:7;607:20;615:9;623:14;632:0;640:14;649:9;657:3;665:5;674:4;682:5;,65761620757,20761068164,458068156,73053083
latency_dist,latency_distribution,mcs_lock,4,0,6,11642029.00,275.65,270.00,360.00,391.00,130.00,47.16,34926087,0.00,0.00,nan,nan,nan,7,228,p999=561;hist_clip=p999;hist_overflow=198;gini=0.003985;os_perf=on;hist=20:4;26:8;33:12;40:3;47:6;53:5;60:1;67:8;74:2;80:1;87:1;94:4;101:0;107:9;114:20;121:0;128:52;134:113;141:0;148:207;155:460;162:0;168:758;175:1622;182:0;189:2933;195:4862;202:0;209:7744;216:11009;222:0;229:13929;236:15807;243:0;249:18402;256:18699;263:8153;270:8456;276:14924;283:5863;290:6895;297:11237;304:3991;310:5674;317:8648;324:7122;331:0;337:6290;344:4930;351:0;358:3834;364:2664;371:0;378:1604;385:1062;391:0;398:680;405:430;412:0;418:252;425:122;432:0;439:91;446:47;452:0;459:29;466:20;473:0;479:20;486:14;493:1;500:15;506:9;513:0;520:10;527:8;533:0;540:13;547:6;554:7;,65778258123,20812782768,468459955,80839099
latency_dist,latency_distribution,mcs_lock,4,0,7,11546709.67,278.87,271.00,361.00,401.00,137.98,49.48,34640129,0.00,0.01,nan,nan,nan,5,229,p999=611;hist_clip=p999;hist_overflow=199;gini=0.006505;os_perf=on;hist=20:2;27:13;34:19;42:0;49:2;56:8;64:4;71:0;79:4;86:5;93:2;101:0;108:2;116:27;123:51;130:17;138:145;145:245;152:360;160:164;167:974;175:1895;182:0;189:3104;197:5437;204:7486;212:0;219:10638;226:12623;234:14067;241:0;249:15741;256:16454;263:15855;271:0;278:15111;285:13100;293:5351;300:6789;308:10759;315:9746;322:3000;330:4983;337:6965;345:5483;352:0;359:4403;367:3034;374:2105;381:0;389:1427;396:886;404:510;411:0;418:298;426:179;433:117;441:0;448:70;455:31;463:1;470:20;478:16;485:10;492:0;500:6;507:4;514:8;522:0;529:5;537:6;544:7;551:0;559:5;566:5;574:7;581:2;588:1;596:1;603:6;,65760151563,20751192264,465115355,78977933
latency_dist,latency_distribution,semaphore,4,0,0,9549549.33,366.75,141.00,932.00,6422.00,974.09,265.60,28648648,0.00,0.06,nan,nan,nan,5,944256,p999=9347;hist_clip=p999;hist_overflow=200;gini=0.062533;os_perf=on;hist=20:83914;136:78074;253:12716;369:6813;486:4025;602:2148;719:1420;836:1106;952:841;1069:396;1185:157;1302:67;1419:38;1535:20;1652:9;1768:6;1885:21;2001:275;2118:1182;2235:311;2351:139;2468:88;2584:68;2701:234;2818:304;2934:370;3051:234;3167:80;3284:55;3401:25;3517:14;3634:4;3750:1;3867:6;3983:3;4100:2;4217:1;4333:2;4450:57;4566:530;4683:947;4800:536;4916:313;5033:171;5149:86;5266:59;5383:38;5499:17;5616:8;5732:9;5849:9;5965:4;6082:6;6199:3;6315:60;6432:271;6548:390;6665:313;6782:211;6898:154;7015:84;7131:80;7248:46;7365:35;7481:40;7598:20;7714:22;7831:13;7947:8;8064:0;8181:4;8297:4;8414:12;8530:11;8647:9;8764:14;8880:9;8997:1;9113:9;9230:18;,48390083454,61289522848,196125408,127984673
latency_dist,latency_distribution,semaphore,4,0,1,9486731.33,361.62,141.00,901.00,5441.00,968.07,267.71,28460194,0.00,0.05,nan,nan,nan,5,948004,p999=9428;hist_clip=p999;hist_overflow=198;gini=0.051979;os_perf=on;hist=20:84376;137:78755;255:12949;372:6117;490:3884;608:2220;725:1242;843:1018;960:801;1078:330;1196:131;1313:45;1431:33;1548:35;1666:14;1784:12;1901:22;2019:362;2136:850;2254:452;2372:151;2489:97;2607:82;2724:321;2842:360;2960:363;3077:163;3195:66;3312:34;3430:14;3548:1;3665:6;3783:4;3900:4;4018:4;4136:1;4253:0;4371:1;4488:55;4606:322;4724:754;4841:720;4959:390;5076:230;5194:126;5312:75;5429:47;5547:21;5664:19;5782:10;5900:10;6017:8;6135:3;6252:5;6370:25;6488:180;6605:354;6723:262;6840:248;6958:146;7076:88;7193:64;7311:58;7428:56;7546:29;7664:37;7781:13;7899:12;8016:5;8134:7;8252:1;8369:6;8487:6;8604:10;8722:6;8840:8;8957:13;9075:6;9192:17;9310:30;,47720185227,60691976960,191966457,126211602
latency_dist,latency_distribution,semaphore,4,0,2,9503795.67,365.07,141.00,922.00,6331.01,965.85,264.57,28511387,0.00,0.06,nan,nan,nan,5,948011,p999=9388;hist_clip=p999;hist_overflow=200;gini=0.060693;os_perf=on;hist=20:83076;137:79090;254:13351;371:6089;488:4011;605:2407;722:1195;839:1067;956:856;1073:378;1191:174;1308:70;1425:29;1542:19;1659:11;1776:7;1893:23;2010:314;2127:1097;2244:260;2362:153;2479:80;2596:68;2713:262;2830:379;2947:381;3064:239;3181:92;3298:40;3415:31;3533:15;3650:5;3767:1;3884:4;4001:1;4118:0;4235:2;4352:2;4469:58;4586:523;4704:905;4821:523;4938:304;5055:163;5172:78;5289:57;5406:27;5523:28;5640:18;5757:12;5875:7;5992:3;6109:4;6226:14;6343:94;6460:313;6577:344;6694:274;6811:205;6928:138;7046:84;7163:63;7280:53;7397:40;7514:31;7631:19;7748:16;7865:15;7982:6;8099:6;8217:6;8334:5;8451:6;8568:7;8685:7;8802:5;8919:7;9036:1;9153:14;9270:38;,48052227832,61008698518,193964332,126169858
latency_dist,latency_distribution,semaphore,4,0,3,9391774.33,365.75,141.00,931.00,5651.00,966.80,264.33,28175323,0.00,0.06,nan,nan,nan,4,946923,p999=9408;hist_clip=p999;hist_overflow=198;gini=0.055293;os_perf=on;hist=20:81324;137:80793;254:13142;372:6263;489:4063;606:2354;724:1258;841:1117;958:938;1076:429;1193:166;1310:62;1428:37;1545:18;1662:10;1780:5;1897:26;2014:253;2132:1151;2249:251;2367:118;2484:76;2601:82;2719:254;2836:324;2953:400;3071:207;3188:84;3305:38;3423:30;3540:11;3657:5;3775:5;3892:3;4009:1;4127:2;4244:4;4361:1;4479:44;4596:524;4714:899;4831:562;4948:311;5066:158;5183:88;5300:55;5418:30;5535:25;5652:25;5770:13;5887:10;6004:6;6122:2;6239:8;6356:65;6474:262;6591:356;6708:324;6826:192;6943:99;7061:81;7178:58;7295:44;7413:48;7530:50;7647:23;7765:10;7882:3;7999:10;8117:2;8234:7;8351:7;8469:13;8586:10;8703:14;8821:10;8938:9;9055:8;9173:8;9290:24;,47815916674,60291898273,191122842,124877648
latency_dist,latency_distribution,semaphore,4,0,4,9436298.33,367.70,141.00,921.00,6412.40,978.28,266.05,28308895,0.00,0.07,nan,nan,nan,7,929239,p999=9408;hist_clip=p999;hist_overflow=200;gini=0.072407;os_perf=on;hist=20:81943;137:79570;254:13729;372:6343;489:4169;606:2350;724:1205;841:1071;958:877;1076:395;1193:119;1310:68;1428:28;1545:17;1662:7;1780:8;1897:20;2014:190;2132:1196;2249:270;2367:120;2484:71;2601:39;2719:170;2836:314;2953:431;3071:307;3188:149;3305:64;3423:36;3540:24;3657:9;3775:3;3892:2;4009:0;4127:0;4244:2;4361:1;4479:14;4596:217;4714:624;4831:708;4948:528;5066:243;5183:143;5300:75;5418:46;5535:24;5652:13;5770:18;5887:11;6004:6;6122:6;6239:4;6356:12;6474:82;6591:327;6708:378;6826:273;6943:181;7061:150;7178:93;7295:56;7413:49;7530:48;7647:30;7765:22;7882:14;7999:15;8117:7;8234:5;8351:3;8469:6;8586:9;8703:10;8821:8;8938:2;9055:5;9173:3;9290:15;,47709116266,60655369391,191557106,125986686
latency_dist,latency_distribution,semaphore,4,0,5,9452166.00,367.04,141.00,922.00,6302.40,980.06,267.02,28356498,0.00,0.07,nan,nan,nan,7,934854,p999=9518;hist_clip=p999;hist_overflow=198;gini=0.067050;os_perf=on;hist=20:82167;138:79751;257:13577;376:6731;494:3826;613:2177;732:1151;851:1013;969:786;1088:362;1207:137;1325:63;1444:20;1563:13;1682:10;1800:5;1919:34;2038:462;2157:1034;2275:217;2394:115;2513:76;2631:83;2750:384;2869:371;2988:426;3106:174;3225:82;3344:33;3463:21;3581:8;3700:4;3819:6;3937:3;4056:1;4175:0;4294:1;4412:3;4531:132;4650:631;4769:857;4887:460;5006:230;5125:138;5243:85;5362:57;5481:27;5600:21;5718:13;5837:7;5956:6;6074:5;6193:4;6312:12;6431:200;6549:415;6668:327;6787:251;6906:158;7024:77;7143:67;7262:39;7380:37;7499:39;7618:36;7737:18;7855:12;7974:5;8093:5;8212:3;8330:4;8449:10;8568:8;8686:2;8805:9;8924:5;9043:2;9161:7;9280:24;9399:30;,47659632728,60518623952,191026795,125307242
latency_dist,latency_distribution,semaphore,4,0,6,9268166.00,372.54,150.00,932.00,6422.10,1001.15,268.74,27804498,0.00,0.05,nan,nan,nan,5,955172,p999=9528;hist_clip=p999;hist_overflow=199;gini=0.052533;os_perf=on;hist=20:79666;138:81860;257:13257;376:6812;495:4109;614:2244;733:1269;851:1078;970:817;1089:377;1208:132;1327:55;1446:29;1565:19;1683:14;1802:6;1921:21;2040:452;2159:1035;2278:231;2397:137;2515:59;2634:90;2753:274;2872:340;2991:393;3110:209;3228:83;3347:40;3466:21;3585:17;3704:6;3823:7;3942:4;4060:2;4179:6;4298:0;4417:1;4536:175;4655:716;4774:823;4892:478;5011:235;5130:123;5249:77;5368:52;5487:39;5605:25;5724:28;5843:16;5962:14;6081:7;6200:8;6319:13;6437:144;6556:358;6675:374;6794:253;6913:145;7032:101;7151:94;7269:63;7388:54;7507:36;7626:28;7745:13;7864:13;7982:9;8101:12;8220:3;8339:4;8458:6;8577:12;8696:9;8814:5;8933:3;9052:4;9171:7;9290:22;9409:28;,47058085519,59900220284,190861032,124640406
latency_dist,latency_distribution,semaphore,4,0,7,9304670.33,368.89,150.00,942.00,5681.00,976.54,264.73,27914011,0.00,0.06,nan,nan,nan,4,947148,p999=9458;hist_clip=p999;hist_overflow=199;gini=0.057236;os_perf=on;hist=20:80365;137:81485;255:13218;373:6735;491:3572;609:2347;727:1414;845:1126;963:792;1081:390;1199:185;1317:95;1435:38;1553:20;1671:10;1789:6;1907:34;2025:220;2143:1170;2261:304;2379:128;2497:95;2615:68;2733:228;2851:361;2969:420;3087:225;3205:107;3323:54;3441:34;3559:12;3677:13;3795:2;3913:6;4031:1;4149:1;4267:2;4385:6;4503:75;4621:463;4739:868;4856:572;4974:327;5092:171;5210:106;5328:63;5446:40;5564:27;5682:16;5800:18;5918:9;6036:7;6154:3;6272:7;6390:64;6508:279;6626:369;6744:256;6862:216;6980:134;7098:95;7216:58;7334:37;7452:32;7570:32;7688:26;7806:22;7924:12;8042:4;8160:6;8278:6;8396:6;8514:6;8632:11;8750:12;8868:5;8986:5;9104:6;9222:14;9340:27;,47184272141,59852933014,191732821,125180216
latency_dist,latency_distribution,mutex,8,0,0,10798915.00,699.86,110.00,3426.00,9278.09,1778.11,254.07,32396745,0.00,0.11,nan,nan,nan,11,1872232,p999=17053;hist_clip=p999;hist_overflow=400;gini=0.105838;os_perf=on;hist=20:252521;232:37482;445:23654;658:17498;871:14047;1084:11162;1297:8026;1510:5014;1723:2585;1936:1303;2149:1037;2362:1155;2574:1011;2787:1290;3000:1092;3213:1128;3426:798;3639:916;3852:976;4065:559;4278:325;4491:191;4704:172;4916:518;5129:826;5342:649;5555:533;5768:453;5981:467;6194:566;6407:622;6620:606;6833:689;7046:941;7259:865;7471:775;7684:590;7897:494;8110:389;8323:380;8536:411;8749:502;8962:542;9175:482;9388:459;9601:413;9813:323;10026:289;10239:245;10452:181;10665:137;10878:136;11091:91;11304:90;11517:69;11730:51;11943:66;12156:63;12368:61;12581:62;12794:44;13007:51;13220:42;13433:36;13646:37;13859:40;14072:42;14285:42;14498:43;14710:33;14923:34;15136:31;15349:25;15562:23;15775:16;15988:16;16201:19;16414:13;16627:15;16840:20;,86574438554,57714599457,351062999,175462956
latency_dist,latency_distribution,mutex,8,0,1,10647270.33,716.18,110.00,3457.00,9408.00,1809.71,252.69,31941811,0.00,0.11,nan,nan,nan,13,1863197,p999=17332;hist_clip=p999;hist_overflow=399;gini=0.111294;os_perf=on;hist=20:250171;236:39731;452:23042;669:17674;885:13410;1102:11554;1318:8397;1534:4960;1751:2811;1967:1271;2184:1105;2400:1167;2616:1044;2833:1417;3049:1159;3266:1186;3482:841;3698:960;3915:865;4131:473;4348:284;4564:187;4780:148;4997:589;5213:700;5430:609;5646:483;5862:403;6079:489;6295:642;6512:716;6728:566;6944:757;7161:993;7377:765;7594:723;7810:557;8026:423;8243:377;8459:415;8676:565;8892:578;9108:582;9325:496;9541:435;9758:402;9974:331;10190:261;10407:228;10623:170;10840:171;11056:110;11272:88;11489:93;11705:63;11922:64;12138:64;12354:47;12571:47;12787:73;13004:59;13220:41;13436:31;13653:39;13869:42;14086:67;14302:42;14518:52;14735:46;14951:37;15168:44;15384:30;15600:13;15817:16;16033:19;16250:14;16466:18;16682:11;16899:24;17115:24;,86756157761,57212998780,351091131,168651246
latency_dist,latency_distribution,mutex,8,0,2,10707241.00,707.33,110.00,3426.00,9388.00,1777.68,251.32,32121723,0.00,0.10,nan,nan,nan,9,1869573,p999=16871;hist_clip=p999;hist_overflow=400;gini=0.103362;os_perf=on;hist=20:250821;230:38633;441:23092;651:17547;862:13508;1073:11454;1283:8425;1494:5375;1705:2875;1915:1420;2126:996;2337:1138;2547:879;2758:1309;2968:1136;3179:1235;3390:788;3600:867;3811:889;4022:663;4232:349;4443:214;4654:143;4864:249;5075:704;5285:686;5496:587;5707:463;5917:403;6128:469;6339:668;6549:633;6760:590;6971:834;7181:975;7392:843;7602:673;7813:587;8024:400;8234:358;8445:412;8656:447;8866:536;9077:526;9288:432;9498:448;9709:418;9919:336;10130:311;10341:239;10551:187;10762:171;10973:128;11183:99;11394:79;11605:63;11815:50;12026:58;12236:51;12447:65;12658:40;12868:52;13079:50;13290:42;13500:38;13711:31;13922:41;14132:40;14343:42;14553:54;14764:43;14975:28;15185:34;15396:30;15607:24;15817:23;16028:11;16239:20;16449:14;16660:9;,86465292803,57396308079,350520184,170764232
latency_dist,latency_distribution,mutex,8,0,3,10642409.67,707.50,110.00,3376.00,9408.00,1770.87,250.30,31927229,0.00,0.11,nan,nan,nan,10,1849543,p999=16962;hist_clip=p999;hist_overflow=399;gini=0.105348;os_perf=on;hist=20:250088;231:38182;443:23483;655:17621;867:14110;1078:11515;1290:8526;1502:5614;1714:2829;1925:1421;2137:1001;2349:1186;2561:943;2773:1265;2984:1199;3196:1215;3408:764;3620:794;3831:901;4043:700;4255:358;4467:258;4679:137;4890:199;5102:624;5314:686;5526:591;5737:463;5949:404;6161:520;6373:596;6585:653;6796:525;7008:737;7220:946;7432:820;7643:707;7855:526;8067:450;8279:363;8491:389;8702:449;8914:533;9126:550;9338:490;9549:421;9761:389;9973:342;10185:280;10396:269;10608:212;10820:151;11032:114;11244:101;11455:94;11667:64;11879:57;12091:52;12302:48;12514:50;12726:58;12938:52;13150:41;13361:33;13573:40;13785:27;13997:23;14208:38;14420:40;14632:35;14844:42;15056:42;15267:36;15479:33;15691:19;15903:13;16114:20;16326:7;16538:13;16750:14;,86049412866,57182539240,348465272,169823002
latency_dist,latency_distribution,mutex,8,0,4,10539146.33,720.67,110.00,3497.45,9398.00,1801.20,249.94,31617439,0.00,0.11,nan,nan,nan,11,1850801,p999=17563;hist_clip=p999;hist_overflow=400;gini=0.109051;os_perf=on;hist=20:249125;239:39789;458:23896;677:17675;897:13889;1116:11255;1335:8488;1555:5000;1774:2617;1993:1343;2212:1163;2432:1130;2651:1113;2870:1398;3090:1192;3309:1031;3528:846;3747:1002;3967:862;4186:464;4405:282;4625:149;4844:179;5063:660;5282:654;5502:624;5721:434;5940:434;6160:619;6379:737;6598:686;6817:632;7037:880;7256:948;7475:825;7695:614;7914:523;8133:423;8352:414;8572:486;8791:562;9010:554;9230:539;9449:477;9668:387;9887:331;10107:328;10326:257;10545:177;10765:168;10984:144;11203:98;11422:97;11642:74;11861:56;12080:62;12300:60;12519:53;12738:58;12957:41;13177:54;13396:33;13615:36;13835:30;14054:38;14273:35;14492:36;14712:47;14931:40;15150:30;15370:22;15589:34;15808:31;16027:13;16247:11;16466:14;16685:17;16905:18;17124:25;17343:32;,86433089926,57033075227,347541134,170370680
latency_dist,latency_distribution,mutex,8,0,5,10735898.67,699.60,110.00,3336.00,9367.00,1760.54,251.65,32207696,0.00,0.11,nan,nan,nan,7,1867718,p999=16572;hist_clip=p999;hist_overflow=400;gini=0.107273;os_perf=on;hist=20:249820;226:38898;433:22454;640:17912;847:13687;1054:11029;1261:8919;1468:5903;1675:3111;1882:1631;2089:928;2295:1181;2502:958;2709:1206;2916:1147;3123:1210;3330:917;3537:688;3744:989;3951:746;4158:516;4364:259;4571:147;4778:102;4985:388;5192:779;5399:664;5606:481;5813:404;6020:409;6227:555;6433:579;6640:560;6847:539;7054:870;7261:865;7468:755;7675:576;7882:483;8089:403;8296:348;8502:404;8709:433;8916:563;9123:512;9330:427;9537:425;9744:363;9951:319;10158:297;10365:221;10571:181;10778:182;10985:126;11192:102;11399:102;11606:53;11813:56;12020:62;12227:49;12434:66;12640:57;12847:47;13054:39;13261:33;13468:19;13675:21;13882:37;14089:55;14296:55;14503:45;14709:40;14916:43;15123:33;15330:23;15537:33;15744:22;15951:17;16158:15;16365:7;,86146810335,57251008012,349240344,170057090
latency_dist,latency_distribution,mutex,8,0,6,10737892.33,701.37,110.00,3367.00,9358.00,1761.78,251.19,32213677,0.00,0.11,nan,nan,nan,10,1861355,p999=16802;hist_clip=p999;hist_overflow=400;gini=0.105272;os_perf=on;hist=20:250896;229:37593;439:23447;649:17532;859:13483;1068:11407;1278:8723;1488:5658;1698:3104;1907:1542;2117:937;2327:1265;2537:957;2747:1195;2956:1120;3166:1185;3376:876;3586:743;3795:961;4005:737;4215:393;4425:225;4635:146;4844:146;5054:653;5264:757;5474:581;5683:465;5893:407;6103:437;6313:558;6523:622;6732:599;6942:691;7152:950;7362:868;7571:706;7781:583;7991:457;8201:387;8411:337;8620:436;8830:473;9040:524;9250:483;9459:429;9669:373;9879:331;10089:300;10298:257;10508:204;10718:188;10928:154;11138:113;11347:87;11557:72;11767:62;11977:33;12186:49;12396:57;12606:56;12816:51;13026:47;13235:39;13445:31;13655:27;13865:32;14074:45;14284:48;14494:35;14704:40;14914:36;15123:31;15333:27;15543:26;15753:21;15962:16;16172:7;16382:18;16592:13;,86246703853,57341996623,349641257,169884858
latency_dist,latency_distribution,mutex,8,0,7,10639914.33,707.85,110.00,3386.05,9327.00,1762.75,249.03,31919743,0.00,0.11,nan,nan,nan,8,1865037,p999=16922;hist_clip=p999;hist_overflow=400;gini=0.108665;os_perf=on;hist=20:250347;231:37747;442:23432;653:17441;865:13882;1076:11432;1287:8729;1498:5582;1710:3062;1921:1492;2132:998;2344:1228;2555:966;2766:1314;2977:1205;3189:1209;3400:814;3611:832;3822:934;4034:654;4245:337;4456:219;4668:125;4879:179;5090:725;5301:764;5513:590;5724:468;5935:408;6146:524;6358:595;6569:629;6780:565;6992:832;7203:1018;7414:793;7625:694;7837:520;8048:417;8259:388;8471:397;8682:447;8893:534;9104:503;9316:499;9527:419;9738:348;9949:347;10161:286;10372:215;10583:207;10795:151;11006:107;11217:92;11428:70;11640:74;11851:54;12062:37;12273:47;12485:48;12696:62;12907:41;13119:45;13330:46;13541:28;13752:26;13964:34;14175:48;14386:38;14597:28;14809:34;15020:32;15231:24;15443:27;15654:26;15865:30;16076:14;16288:16;16499:13;16710:16;,85963165717,57383199377,348707288,166766441
latency_dist,latency_distribution,spinlock,8,0,0,6042338.67,1987.87,1383.00,5611.00,8546.00,1890.46,95.10,18127016,0.00,0.27,nan,nan,nan,12,383,p999=12984;hist_clip=p999;hist_overflow=400;gini=0.274841;os_perf=on;hist=20:5029;182:28374;344:61446;506:32420;668:23684;830:20769;992:13033;1154:10590;1316:10483;1478:10469;1640:10421;1802:11518;1964:10837;2126:10743;2288:10830;2450:10461;2612:10176;2774:10456;2936:9071;3098:8566;3261:7680;3423:7115;3585:6733;3747:5607;3909:5033;4071:4468;4233:3952;4395:3585;4557:3389;4719:2912;4881:2656;5043:2334;5205:2145;5367:1976;5529:1859;5691:1591;5853:1415;6015:1422;6177:1285;6339:1100;6502:1090;6664:1005;6826:825;6988:838;7150:757;7312:678;7474:608;7636:527;7798:510;7960:461;8122:447;8284:404;8446:335;8608:326;8770:294;8932:247;9094:268;9256:256;9418:212;9580:182;9743:171;9905:135;10067:142;10229:154;10391:138;10553:102;10715:99;10877:117;11039:73;11201:90;11363:73;11525:55;11687:66;11849:46;12011:51;12173:37;12335:39;12497:41;12659:33;12821:35;,131556050827,9546102603,216184624,33212396
latency_dist,latency_distribution,spinlock,8,0,1,5970884.67,2005.90,1443.00,5640.00,8576.00,1886.81,94.06,17912654,0.00,0.28,nan,nan,nan,6,249,p999=12894;hist_clip=p999;hist_overflow=398;gini=0.281149;os_perf=on;hist=20:6154;180:29528;341:57810;502:30844;663:22458;824:18930;985:13956;1146:10878;1307:10893;1468:10857;1629:10921;1790:11279;1951:11452;2112:11352;2272:11169;2433:10847;2594:10988;2755:9915;2916:9136;3077:8454;3238:7764;3399:7039;3560:6383;3721:5680;3882:5092;4043:4611;4204:4183;4364:3749;4525:3322;4686:2959;4847:2654;5008:2575;5169:2460;5330:2050;5491:1859;5652:1633;5813:1569;5974:1440;6135:1290;6296:1190;6457:1104;6617:926;6778:962;6939:811;7100:768;7261:643;7422:637;7583:586;7744:538;7905:504;8066:401;8227:374;8388:366;8549:342;8709:336;8870:312;9031:256;9192:232;9353:209;9514:186;9675:183;9836:170;9997:152;10158:133;10319:127;10480:116;10641:103;10801:95;10962:104;11123:88;11284:82;11445:71;11606:53;11767:56;11928:50;12089:42;12250:49;12411:37;12572:38;12733:37;,131448718083,9419207206,213148258,33535664
latency_dist,latency_distribution,spinlock,8,0,2,6045448.33,2000.25,1402.00,5640.00,8586.00,1898.72,94.92,18136345,0.00,0.28,nan,nan,nan,9,271,p999=12995;hist_clip=p999;hist_overflow=400;gini=0.277577;os_perf=on;hist=20:5264;182:28308;344:60622;506:32410;668:23709;830:20789;993:13232;1155:10433;1317:10145;1479:10184;1641:11081;1804:10701;1966:10648;2128:10841;2290:10587;2452:10721;2615:10760;2777:9617;2939:9407;3101:8657;3263:7779;3425:7656;3588:6411;3750:5715;3912:5205;4074:4575;4236:4312;4399:3613;4561:3270;4723:2897;4885:2606;5047:2452;5210:2250;5372:2021;5534:1769;5696:1568;5858:1511;6020:1442;6183:1272;6345:1067;6507:1091;6669:933;6831:954;6994:820;7156:757;7318:672;7480:581;7642:569;7805:535;7967:436;8129:425;8291:391;8453:382;8615:329;8778:294;8940:302;9102:243;9264:241;9426:238;9589:184;9751:175;9913:176;10075:140;10237:125;10400:136;10562:108;10724:107;10886:98;11048:83;11210:74;11373:78;11535:61;11697:46;11859:52;12021:54;12184:47;12346:41;12508:35;12670:37;12832:43;,131378093299,9477969616,212995797,33316667
latency_dist,latency_distribution,spinlock,8,0,3,6026110.67,1994.86,1393.00,5640.00,8536.00,1896.99,95.09,18078332,0.00,0.28,nan,nan,nan,11,341,p999=12914;hist_clip=p999;hist_overflow=399;gini=0.277253;os_perf=on;hist=20:5097;181:28075;342:61359;503:32685;664:23604;825:19353;987:13697;1148:10590;1309:10320;1470:10302;1631:10182;1792:11389;1954:11075;2115:10663;2276:10611;2437:10589;2598:10157;2759:9824;2921:9304;3082:8661;3243:7947;3404:7105;3565:6834;3727:5851;3888:5080;4049:4595;4210:4057;4371:3762;4532:3261;4694:2864;4855:2647;5016:2459;5177:2290;5338:2023;5499:1942;5661:1666;5822:1523;5983:1414;6144:1369;6305:1221;6467:1071;6628:959;6789:876;6950:829;7111:774;7272:731;7434:595;7595:594;7756:476;7917:454;8078:457;8239:423;8401:365;8562:344;8723:295;8884:272;9045:269;9206:246;9368:210;9529:167;9690:189;9851:157;10012:172;10174:140;10335:129;10496:110;10657:103;10818:91;10979:104;11141:67;11302:74;11463:48;11624:64;11785:54;11946:52;12108:39;12269:40;12430:42;12591:34;12752:38;,131280056107,9440076525,213389946,32254754
latency_dist,latency_distribution,spinlock,8,0,4,6046964.33,1998.06,1413.00,5611.00,8566.00,1899.60,95.07,18140893,0.00,0.28,nan,nan,nan,8,338,p999=12954;hist_clip=p999;hist_overflow=398;gini=0.278116;os_perf=on;hist=20:5158;181:28004;343:60520;505:32463;666:23556;828:19191;990:13737;1151:11332;1313:10301;1475:10480;1636:10647;1798:10893;1960:10854;2121:10783;2283:11365;2445:10449;2606:10508;2768:9983;2930:9341;3091:8638;3253:7886;3415:7172;3576:6831;3738:5724;3900:5241;4061:4574;4223:4136;4385:3623;4546:3264;4708:3008;4870:2632;5031:2454;5193:2159;5355:1986;5516:1758;5678:1616;5840:1531;6001:1412;6163:1188;6325:1129;6487:1108;6648:920;6810:897;6972:823;7133:725;7295:682;7457:637;7618:594;7780:512;7942:449;8103:430;8265:381;8427:369;8588:316;8750:321;8912:312;9073:252;9235:253;9397:208;9558:195;9720:175;9882:145;10043:126;10205:140;10367:113;10528:125;10690:88;10852:98;11013:86;11175:76;11337:70;11498:70;11660:65;11822:48;11983:54;12145:49;12307:44;12468:33;12630:49;12792:37;,131525364318,9469290940,212610177,32953876
latency_dist,latency_distribution,spinlock,8,0,5,6039775.00,1972.66,1363.00,5591.00,8516.10,1895.71,96.10,18119325,0.00,0.27,nan,nan,nan,7,519,p999=13225;hist_clip=p999;hist_overflow=399;gini=0.272563;os_perf=on;hist=20:5465;185:29203;350:62932;515:32885;680:25674;845:18118;1010:13670;1175:10223;1340:10818;1505:10571;1670:11322;1835:11027;2000:11415;2165:10879;2330:11243;2495:10383;2661:10654;2826:9455;2991:9527;3156:8203;3321:7550;3486:6860;3651:6004;3816:5599;3981:4640;4146:4585;4311:3652;4476:3571;4641:3027;4806:2905;4971:2315;5136:2295;5302:1969;5467:1876;5632:1646;5797:1601;5962:1323;6127:1400;6292:1120;6457:1086;6622:1000;6787:857;6952:858;7117:708;7282:677;7447:610;7612:577;7777:516;7943:475;8108:413;8273:434;8438:343;8603:343;8768:260;8933:278;9098:243;9263:197;9428:219;9593:183;9758:174;9923:145;10088:148;10253:135;10418:111;10584:106;10749:100;10914:86;11079:98;11244:85;11409:72;11574:58;11739:66;11904:50;12069:48;12234:58;12399:42;12564:36;12729:32;12894:39;13059:30;,131511799439,9495935667,214925228,33529785
latency_dist,latency_distribution,spinlock,8,0,6,5971243.33,1998.67,1443.00,5621.00,8496.00,1881.51,94.14,17913730,0.00,0.29,nan,nan,nan,12,336,p999=12804;hist_clip=p999;hist_overflow=400;gini=0.290319;os_perf=on;hist=20:5985;179:28715;339:57637;499:30828;659:22411;819:19233;978:14309;1138:11061;1298:10706;1458:10931;1618:11024;1777:11398;1937:11779;2097:11258;2257:11093;2417:10902;2576:10513;2736:9926;2896:9191;3056:8118;3216:7860;3375:7137;3535:6294;3695:5732;3855:5308;4015:4779;4174:4198;4334:3740;4494:3364;4654:3017;4814:2744;4973:2553;5133:2309;5293:1998;5453:1884;5613:1717;5772:1590;5932:1445;6092:1335;6252:1118;6412:1140;6571:1017;6731:901;6891:821;7051:781;7211:687;7370:655;7530:599;7690:556;7850:470;8010:439;8169:426;8329:349;8489:321;8649:304;8809:292;8968:260;9128:240;9288:228;9448:202;9608:177;9767:147;9927:155;10087:140;10247:147;10407:121;10566:93;10726:85;10886:100;11046:84;11206:73;11365:64;11525:71;11685:60;11845:40;12005:68;12164:41;12324:38;12484:35;12644:33;,131476011707,9393626340,209892815,32618738
latency_dist,latency_distribution,spinlock,8,0,7,6030184.67,1991.76,1362.00,5691.00,8706.00,1919.64,96.38,18090554,0.00,0.28,nan,nan,nan,9,245,p999=13104;hist_clip=p999;hist_overflow=400;gini=0.277621;os_perf=on;hist=20:7102;183:27616;347:61704;510:33969;674:24206;837:19439;1001:13674;1164:10175;1328:10088;1491:10598;1655:10391;1819:10570;1982:11169;2146:10627;2309:10489;2473:10819;2636:10228;2800:9396;2963:9412;3127:8291;3291:7460;3454:7281;3618:6230;3781:5403;3945:5293;4108:4355;4272:3872;4435:3652;4599:3242;4762:2781;4926:2752;5090:2396;5253:2102;5417:1982;5580:1817;5744:1599;5907:1464;6071:1409;6234:1289;6398:1165;6562:1054;6725:972;6889:859;7052:895;7216:680;7379:650;7543:630;7706:538;7870:534;8033:519;8197:423;8361:337;8524:373;8688:331;8851:328;9015:291;9178:252;9342:231;9505:257;9669:195;9833:178;9996:180;10160:143;10323:147;10487:135;10650:129;10814:94;10977:103;11141:71;11304:88;11468:69;11632:55;11795:58;11959:52;12122:57;12286:24;12449:51;12613:48;12776:26;12940:36;,131455588463,9500820136,215956161,33415596
latency_dist,latency_distribution,mcs_lock,8,0,0,11309956.33,643.12,641.00,721.00,752.00,265.42,41.27,33929869,0.00,0.00,nan,nan,nan,8,244,p999=4558;hist_clip=p999;hist_overflow=400;gini=0.000685;os_perf=on;hist=311:8;364:27;417:408;470:7060;523:42359;576:117032;629:169102;682:54926;735:7844;788:537;841:63;894:35;948:15;1001:6;1054:4;1107:3;1160:5;1213:2;1266:3;1319:4;1372:3;1425:2;1478:2;1532:3;1585:3;1638:2;1691:5;1744:4;1797:3;1850:2;1903:1;1956:3;2009:2;2062:4;2115:4;2169:0;2222:1;2275:0;2328:1;2381:3;2434:1;2487:2;2540:3;2593:0;2646:1;2699:0;2753:1;2806:0;2859:1;2912:1;2965:1;3018:0;3071:0;3124:1;3177:1;3230:1;3283:0;3336:0;3390:0;3443:1;3496:0;3549:0;3602:0;3655:0;3708:0;3761:3;3814:3;3867:2;3920:4;3974:2;4027:4;4080:8;4133:3;4186:6;4239:9;4292:10;4345:6;4398:18;4451:8;4504:8;,131371098046,27160740922,516860713,89901728
latency_dist,latency_distribution,mcs_lock,8,0,1,11385552.67,637.16,631.00,712.00,751.00,214.73,33.70,34156658,0.00,0.00,nan,nan,nan,11,233,p999=4238;hist_clip=p999;hist_overflow=399;gini=0.000658;os_perf=on;hist=201:3;251:0;301:7;352:11;402:245;453:3183;503:25864;554:95250;604:150595;655:98372;705:23426;756:2319;806:147;857:36;907:18;957:14;1008:3;1058:4;1109:4;1159:2;1210:7;1260:3;1311:1;1361:1;1412:2;1462:2;1513:1;1563:5;1613:3;1664:0;1714:4;1765:4;1815:4;1866:3;1916:1;1967:2;2017:0;2068:0;2118:0;2169:3;2219:1;2269:2;2320:1;2370:1;2421:2;2471:0;2522:2;2572:2;2623:3;2673:0;2724:1;2774:1;2825:0;2875:1;2925:0;2976:1;3026:0;3077:0;3127:0;3178:0;3228:0;3279:2;3329:1;3380:0;3430:0;3481:0;3531:0;3581:0;3632:0;3682:0;3733:1;3783:2;3834:3;3884:1;3935:5;3985:6;4036:3;4086:2;4137:3;4187:5;,131384757765,27243095175,516641913,94194738
latency_dist,latency_distribution,mcs_lock,8,0,2,11496302.33,631.38,622.00,711.00,751.00,233.15,36.93,34488907,0.00,0.00,nan,nan,nan,10,253,p999=4619;hist_clip=p999;hist_overflow=399;gini=0.000627;os_perf=on;hist=211:1;266:2;321:7;376:131;431:1751;486:25035;541:89437;596:168816;651:92743;706:19858;762:1471;817:109;872:24;927:26;982:14;1037:9;1092:4;1147:7;1202:4;1257:4;1313:1;1368:2;1423:3;1478:5;1533:5;1588:5;1643:3;1698:5;1753:2;1808:4;1864:2;1919:3;1974:1;2029:1;2084:0;2139:2;2194:3;2249:4;2304:3;2359:1;2415:1;2470:5;2525:0;2580:2;2635:2;2690:3;2745:0;2800:0;2855:2;2910:0;2966:1;3021:0;3076:0;3131:2;3186:0;3241:0;3296:2;3351:1;3406:0;3461:0;3517:1;3572:0;3627:0;3682:0;3737:0;3792:0;3847:1;3902:2;3957:3;4012:2;4068:4;4123:1;4178:3;4233:7;4288:5;4343:7;4398:9;4453:11;4508:5;4563:11;,131485701214,27428919243,515685658,86797179
latency_dist,latency_distribution,mcs_lock,8,0,3,11290370.33,644.27,641.00,721.00,761.00,232.62,36.11,33871111,0.00,0.00,nan,nan,nan,9,244,p999=4989;hist_clip=p999;hist_overflow=400;gini=0.000516;os_perf=on;hist=30:1;91:1;153:0;215:2;277:1;339:13;401:330;463:6519;525:57941;587:161235;649:147289;711:24876;773:1113;835:67;897:19;959:12;1021:6;1083:10;1145:9;1207:4;1269:4;1331:7;1393:3;1455:5;1517:1;1579:1;1641:2;1703:1;1765:4;1827:1;1889:3;1951:3;2013:0;2075:2;2137:4;2199:2;2261:1;2323:5;2385:2;2447:3;2509:1;2571:3;2633:2;2695:0;2757:1;2819:1;2881:0;2943:2;3005:3;3067:2;3129:0;3191:0;3253:0;3315:0;3377:1;3439:1;3501:0;3563:1;3625:0;3687:0;3749:0;3811:0;3873:0;3935:2;3997:6;4059:3;4121:4;4183:8;4245:3;4307:9;4369:4;4431:8;4493:7;4555:7;4617:6;4679:4;4741:1;4803:3;4865:4;4927:1;,131472929160,27199270606,516062972,92065139
latency_dist,latency_distribution,mcs_lock,8,0,4,11341628.33,640.55,631.00,712.00,752.00,306.66,47.87,34024885,0.00,0.00,nan,nan,nan,9,313,p999=4839;hist_clip=p999;hist_overflow=399;gini=0.001018;os_perf=on;hist=40:11;99:0;159:16;219:21;279:26;339:43;399:380;459:5460;519:49419;579:154233;639:149209;699:37221;759:2849;819:312;879:130;939:60;999:24;1059:10;1119:4;1179:3;1239:9;1299:2;1359:4;1419:4;1479:2;1539:6;1599:2;1659:4;1719:2;1779:4;1839:3;1899:3;1959:1;2019:3;2079:4;2139:2;2199:3;2259:2;2319:4;2379:3;2439:3;2499:1;2559:1;2619:1;2679:2;2739:1;2799:4;2859:1;2919:2;2979:5;3039:0;3099:0;3159:2;3219:0;3279:0;3339:0;3399:0;3459:0;3519:0;3579:0;3639:0;3699:0;3759:0;3819:0;3879:0;3939:1;3999:1;4059:4;4119:1;4179:1;4239:6;4299:5;4359:3;4419:12;4479:5;4539:7;4599:6;4659:14;4719:8;4779:6;,131449058778,27210730491,525172402,95664189
latency_dist,latency_distribution,mcs_lock,8,0,5,11357862.33,639.78,631.00,712.00,751.00,262.47,41.03,34073587,0.00,0.00,nan,nan,nan,8,222,p999=4599;hist_clip=p999;hist_overflow=400;gini=0.000816;os_perf=on;hist=251:1;305:2;359:32;414:412;468:7630;522:45977;577:149613;631:140206;685:48280;740:6814;794:311;848:75;903:44;957:15;1011:3;1066:6;1120:6;1174:9;1229:5;1283:5;1338:3;1392:4;1446:2;1501:1;1555:6;1609:7;1664:5;1718:2;1772:2;1827:3;1881:2;1935:4;1990:3;2044:4;2098:2;2153:2;2207:1;2261:1;2316:2;2370:0;2425:0;2479:1;2533:3;2588:1;2642:0;2696:2;2751:1;2805:3;2859:0;2914:1;2968:1;3022:0;3077:1;3131:0;3185:0;3240:0;3294:0;3348:2;3403:0;3457:0;3512:0;3566:0;3620:1;3675:0;3729:3;3783:5;3838:5;3892:0;3946:1;4001:3;4055:7;4109:8;4164:6;4218:8;4272:9;4327:7;4381:3;4435:7;4490:3;4544:6;,131416595055,27232857525,519460700,93346219
latency_dist,latency_distribution,mcs_lock,8,0,6,11315571.00,641.88,632.00,712.00,752.00,257.93,40.18,33946713,0.00,0.00,nan,nan,nan,8,248,p999=4588;hist_clip=p999;hist_overflow=400;gini=0.000644;os_perf=on;hist=40:1;96:0;153:1;210:4;267:0;324:9;381:53;437:1353;494:22057;551:88947;608:181850;665:92976;722:11176;779:906;835:54;892:33;949:22;1006:7;1063:4;1120:5;1177:9;1233:3;1290:2;1347:2;1404:1;1461:1;1518:4;1574:0;1631:5;1688:8;1745:2;1802:2;1859:5;1916:1;1972:4;2029:3;2086:1;2143:2;2200:1;2257:0;2314:0;2370:1;2427:0;2484:1;2541:0;2598:0;2655:0;2711:2;2768:3;2825:1;2882:0;2939:1;2996:1;3053:0;3109:2;3166:1;3223:0;3280:2;3337:0;3394:0;3451:1;3507:0;3564:0;3621:0;3678:0;3735:2;3792:1;3848:1;3905:2;3962:8;4019:6;4076:2;4133:7;4190:5;4246:8;4303:5;4360:5;4417:8;4474:6;4531:4;,131243678732,27115606442,522612312,106179385
latency_dist,latency_distribution,mcs_lock,8,0,7,11370353.00,639.17,631.00,712.00,751.00,242.64,37.96,34111059,0.00,0.00,nan,nan,nan,10,285,p999=4789;hist_clip=p999;hist_overflow=398;gini=0.000618;os_perf=on;hist=340:14;395:223;451:2834;506:36517;562:109788;618:174718;673:64300;729:10524;784:399;840:62;896:26;951:17;1007:7;1062:7;1118:3;1174:7;1229:5;1285:3;1341:2;1396:2;1452:4;1507:2;1563:3;1619:6;1674:2;1730:0;1785:6;1841:2;1897:4;1952:2;2008:0;2063:4;2119:1;2175:0;2230:3;2286:0;2342:1;2397:5;2453:2;2508:0;2564:1;2620:1;2675:0;2731:0;2786:0;2842:2;2898:1;2953:1;3009:1;3065:0;3120:2;3176:2;3231:1;3287:0;3343:0;3398:0;3454:0;3509:0;3565:1;3621:0;3676:0;3732:0;3787:1;3843:0;3899:1;3954:2;4010:1;4066:3;4121:2;4177:3;4232:4;4288:9;4344:7;4399:5;4455:8;4510:4;4566:9;4622:11;4677:5;4733:9;,131357511864,27248207110,513760398,97808759
latency_dist,latency_distribution,semaphore,8,0,0,9072315.33,826.17,201.00,5210.45,9297.00,1846.89,223.55,27216946,0.00,0.05,nan,nan,nan,10,2083873,p999=16501;hist_clip=p999;hist_overflow=400;gini=0.051787;os_perf=on;hist=30:238765;235:48575;441:18935;647:16608;853:12890;1059:12057;1265:9688;1471:6434;1677:3376;1882:1726;2088:990;2294:1333;2500:812;2706:1193;2912:1421;3118:1112;3324:611;3530:567;3735:888;3941:623;4147:317;4353:180;4559:102;4765:75;4971:454;5177:1617;5383:1163;5588:774;5794:565;6000:523;6206:708;6412:1027;6618:1116;6824:1157;7030:1486;7236:1196;7441:904;7647:680;7853:578;8059:447;8265:385;8471:408;8677:459;8883:579;9089:484;9294:443;9500:374;9706:322;9912:268;10118:258;10324:266;10530:203;10736:168;10942:107;11147:93;11353:77;11559:52;11765:46;11971:42;12177:27;12383:31;12589:60;12795:55;13000:55;13206:59;13412:62;13618:55;13824:76;14030:58;14236:68;14442:52;14648:56;14853:40;15059:16;15265:27;15471:26;15677:24;15883:19;16089:14;16295:13;,79947052563,70106684944,295461642,177542140
latency_dist,latency_distribution,semaphore,8,0,1,9082879.00,821.30,201.00,5220.00,9237.00,1853.39,225.66,27248637,0.00,0.05,nan,nan,nan,9,2105071,p999=16541;hist_clip=p999;hist_overflow=399;gini=0.046459;os_perf=on;hist=20:231966;226:55644;433:19373;639:16340;846:13173;1052:11386;1259:9789;1465:6294;1672:3562;1878:1744;2085:833;2291:1394;2498:682;2704:1104;2911:1565;3117:1127;3324:568;3530:684;3737:892;3943:667;4150:290;4356:168;4563:91;4769:71;4976:361;5182:1501;5389:1268;5595:801;5802:586;6008:541;6215:594;6421:1017;6628:1154;6834:1263;7041:1591;7247:1167;7454:855;7660:663;7867:523;8073:477;8280:399;8487:396;8693:529;8900:558;9106:524;9313:437;9519:321;9726:296;9932:248;10139:242;10345:219;10552:189;10758:161;10965:115;11171:99;11378:73;11584:40;11791:35;11997:40;12204:25;12410:21;12617:37;12823:61;13030:86;13236:56;13443:63;13649:55;13856:92;14062:66;14269:68;14475:60;14682:31;14888:44;15095:29;15301:25;15508:27;15714:15;15921:25;16127:11;16334:14;,79662838335,70278784623,296278558,178320861
latency_dist,latency_distribution,semaphore,8,0,2,8961753.00,831.41,201.00,5250.00,9358.00,1875.97,225.64,26885259,0.00,0.05,nan,nan,nan,10,2078134,p999=16731;hist_clip=p999;hist_overflow=400;gini=0.048206;os_perf=on;hist=30:238173;238:49294;447:20427;656:16341;865:13189;1073:11757;1282:9217;1491:5891;1700:3375;1908:1516;2117:965;2326:1312;2535:710;2743:1171;2952:1547;3161:1083;3370:524;3578:697;3787:862;3996:559;4205:281;4414:173;4622:106;4831:74;5040:686;5249:1630;5457:1039;5666:750;5875:562;6084:537;6292:638;6501:1095;6710:1074;6919:1392;7127:1497;7336:1117;7545:788;7754:630;7962:509;8171:474;8380:422;8589:457;8798:517;9006:574;9215:510;9424:417;9633:332;9841:319;10050:271;10259:231;10468:259;10676:186;10885:148;11094:111;11303:79;11511:56;11720:58;11929:36;12138:30;12346:36;12555:41;12764:48;12973:66;13182:65;13390:53;13599:56;13808:65;14017:79;14225:76;14434:67;14643:54;14852:35;15060:38;15269:27;15478:19;15687:23;15895:26;16104:19;16313:16;16522:16;,78934334283,69587191566,292230846,177748504
latency_dist,latency_distribution,semaphore,8,0,3,9004183.33,829.90,210.00,4909.00,9287.00,2637.70,317.83,27012550,0.00,0.05,nan,nan,nan,11,2019127,p999=16100;hist_clip=p999;hist_overflow=400;gini=0.048050;os_perf=on;hist=30:232007;230:52055;431:19901;632:16555;833:13418;1034:12166;1235:9954;1436:7061;1637:4028;1837:2084;2038:1016;2239:947;2440:1067;2641:964;2842:1420;3043:1413;3244:834;3444:609;3645:863;3846:738;4047:433;4248:236;4449:135;4650:77;4851:60;5051:164;5252:1244;5453:1244;5654:849;5855:645;6056:541;6257:568;6458:851;6658:1053;6859:999;7060:1552;7261:1218;7462:911;7663:719;7864:555;8065:490;8265:417;8466:401;8667:468;8868:539;9069:499;9270:436;9471:357;9672:316;9872:283;10073:224;10274:193;10475:190;10676:171;10877:152;11078:142;11279:95;11479:85;11680:56;11881:46;12082:43;12283:28;12484:22;12685:45;12886:67;13086:60;13287:46;13488:63;13689:46;13890:55;14091:69;14292:64;14493:60;14693:55;14894:38;15095:25;15296:33;15497:23;15698:20;15899:24;,80288678536,69345388144,296449035,178745420
latency_dist,latency_distribution,semaphore,8,0,4,8923100.67,835.15,210.00,5240.00,9247.00,1844.25,220.83,26769302,0.00,0.05,nan,nan,nan,9,2082962,p999=15990;hist_clip=p999;hist_overflow=399;gini=0.046506;os_perf=on;hist=21:222084;220:60123;420:19729;619:16628;819:13331;1019:12012;1218:10394;1418:7297;1617:4484;1817:2377;2017:1081;2216:1202;2416:986;2615:747;2815:1235;3015:1376;3214:887;3414:548;3614:748;3813:757;4013:459;4212:261;4412:137;4612:100;4811:68;5011:684;5210:1660;5410:1028;5610:679;5809:602;6009:526;6208:513;6408:877;6608:1055;6807:1237;7007:1649;7207:1225;7406:868;7606:701;7805:558;8005:475;8205:404;8404:396;8604:533;8803:618;9003:556;9203:478;9402:381;9602:319;9802:233;10001:259;10201:239;10400:239;10600:183;10800:141;10999:128;11199:69;11398:59;11598:60;11798:37;11997:30;12197:24;12396:28;12596:36;12796:51;12995:63;13195:56;13395:46;13594:61;13794:73;13993:75;14193:76;14393:52;14592:51;14792:41;14991:25;15191:27;15391:27;15590:22;15790:17;,79671673611,69491524592,293094746,176586534
latency_dist,latency_distribution,semaphore,8,0,5,8945536.00,833.11,201.00,5290.00,9378.00,1863.87,223.72,26836608,0.00,0.05,nan,nan,nan,8,2074205,p999=16070;hist_clip=p999;hist_overflow=400;gini=0.045643;os_perf=on;hist=20:223919;220:60491;421:19547;621:16457;822:13208;1023:11955;1223:10139;1424:7021;1625:4059;1825:2095;2026:954;2226:1205;2427:920;2628:795;2828:1255;3029:1163;3230:921;3430:640;3631:817;3831:812;4032:443;4233:241;4433:116;4634:90;4835:74;5035:294;5236:1687;5436:1168;5637:797;5838:609;6038:480;6239:473;6440:774;6640:1014;6841:1023;7041:1276;7242:1324;7443:1031;7643:822;7844:630;8045:537;8245:439;8446:373;8646:466;8847:565;9048:570;9248:498;9449:358;9650:347;9850:269;10051:261;10251:241;10452:234;10653:234;10853:144;11054:122;11255:90;11455:72;11656:58;11856:49;12057:40;12258:39;12458:26;12659:37;12860:43;13060:49;13261:57;13461:65;13662:59;13863:53;14063:57;14264:69;14465:64;14665:68;14866:49;15066:38;15267:43;15468:28;15668:26;15869:24;,78865769642,69580353784,291628080,176280184
latency_dist,latency_distribution,semaphore,8,0,6,8920780.33,841.92,210.00,5330.00,9407.00,1989.74,236.33,26762341,0.00,0.05,nan,nan,nan,9,2057506,p999=16471;hist_clip=p999;hist_overflow=399;gini=0.048580;os_perf=on;hist=20:227072;225:57857;431:19405;636:16799;842:12613;1048:12400;1253:9696;1459:7124;1665:3900;1870:2042;2076:973;2282:1327;2487:782;2693:1048;2898:1395;3104:1296;3310:592;3515:548;3721:817;3927:682;4132:365;4338:182;4544:112;4749:74;4955:113;5160:1035;5366:1483;5572:888;5777:687;5983:554;6189:546;6394:774;6600:1125;6806:1087;7011:1467;7217:1369;7422:1037;7628:733;7834:697;8039:565;8245:427;8451:413;8656:421;8862:599;9068:551;9273:495;9479:418;9684:354;9890:304;10096:254;10301:209;10507:230;10713:198;10918:143;11124:115;11330:106;11535:68;11741:55;11946:38;12152:37;12358:38;12563:39;12769:50;12975:45;13180:84;13386:55;13592:56;13797:54;14003:73;14208:68;14414:69;14620:59;14825:44;15031:35;15237:27;15442:28;15648:29;15854:19;16059:17;16265:16;,79046522940,69098881576,292837432,176269446
latency_dist,latency_distribution,semaphore,8,0,7,8896215.33,838.99,210.00,5239.00,9297.00,1846.75,220.11,26688646,0.00,0.05,nan,nan,nan,10,2043162,p999=16190;hist_clip=p999;hist_overflow=400;gini=0.046205;os_perf=on;hist=20:223567;222:57544;424:20055;626:16807;828:13563;1030:12615;1232:10566;1434:7232;1637:4398;1839:2241;2041:1103;2243:1344;2445:933;2647:878;2849:1296;3051:1456;3254:864;3456:567;3658:825;3860:741;4062:442;4264:211;4466:139;4668:90;4871:65;5073:755;5275:1543;5477:939;5679:711;5881:558;6083:511;6285:566;6488:907;6690:1029;6892:1418;7094:1516;7296:1161;7498:832;7700:671;7902:540;8105:475;8307:334;8509:390;8711:566;8913:571;9115:520;9317:440;9519:359;9722:299;9924:287;10126:224;10328:249;10530:224;10732:185;10934:122;11136:95;11339:69;11541:64;11743:42;11945:32;12147:31;12349:24;12551:23;12753:43;12956:50;13158:59;13360:59;13562:50;13764:63;13966:81;14168:58;14370:66;14573:56;14775:40;14977:30;15179:20;15381:28;15583:29;15785:23;15987:21;,79715855716,69020510924,294216842,177525946
