suite,experiment,primitive,threads,cs_cycles,trial,ops_per_sec,mean_latency_ns,p50_ns,p95_ns,p99_ns,stddev_ns,cv_percent,throughput_ops,false_sharing_factor,fairness_gini,fairness_jain,fairness_maxmin,fairness_cv,cpu_migrations,ctx_switches,notes
latency_dist,latency_distribution,mutex,2,0,0,14384372.67,68.66,60.00,110.00,271.00,89.38,130.17,43153118,0.00,0.08,nan,nan,nan,-1,1,"p999=632;hist_clip=p999;hist_overflow=100;gini=0.079187;os_perf=off;hist=20:4337;27:8881;35:7417;42:18908;50:1974;58:24061;65:5447;73:6398;81:0;88:4426;96:11082;104:2934;111:0;119:873;127:433;134:412;142:145;150:51;157:211;165:138;173:121;180:48;188:112;195:141;203:88;211:0;218:73;226:68;234:53;241:0;249:61;257:53;264:55;272:36;280:40;287:53;295:42;303:25;310:33;318:64;326:70;333:81;341:0;348:87;356:65;364:40;371:0;379:31;387:23;394:14;402:2;410:18;417:14;425:12;433:2;440:11;448:13;456:16;463:14;471:0;479:6;486:9;494:7;501:0;509:7;517:10;524:2;532:0;540:6;547:8;555:8;563:0;570:5;578:7;586:4;593:3;601:0;609:6;616:1;624:4;"
latency_dist,latency_distribution,mutex,2,0,1,17886958.33,54.17,50.00,70.00,200.00,67.90,125.35,53660875,0.00,0.06,nan,nan,nan,-1,1,"p999=471;hist_clip=p999;hist_overflow=99;gini=0.062681;os_perf=off;hist=20:6299;25:10226;31:0;36:8952;42:0;48:30868;53:0;59:36881;65:3103;70:457;76:1152;82:0;87:336;93:0;98:142;104:120;110:30;115:18;121:0;127:27;132:0;138:23;144:0;149:25;155:61;160:30;166:34;172:0;177:62;183:0;189:125;194:169;200:88;206:106;211:0;217:61;222:0;228:23;234:0;239:34;245:64;251:0;256:62;262:0;268:44;273:0;279:19;284:9;290:10;296:20;301:0;307:13;313:0;318:36;324:7;330:13;335:16;341:0;346:12;352:0;358:9;363:0;369:14;375:4;380:3;386:8;392:0;397:17;403:0;408:11;414:2;420:7;425:5;431:0;437:11;442:0;448:9;454:0;459:19;465:5;"
latency_dist,latency_distribution,mutex,2,0,2,18244608.33,52.66,50.00,70.00,110.00,57.40,109.00,54733825,0.00,0.06,nan,nan,nan,-1,1,"p999=340;hist_clip=p999;hist_overflow=99;gini=0.060481;os_perf=off;hist=20:5974;24:0;28:9324;32:0;36:0;40:9398;44:0;48:32786;52:0;56:0;60:37086;64:0;68:2636;72:0;76:0;80:1043;84:0;88:515;92:0;96:0;100:216;104:0;108:133;112:0;116:0;120:10;124:0;128:6;132:0;136:0;140:6;144:0;148:22;152:0;156:0;160:117;164:0;168:26;172:0;176:0;180:20;184:0;188:76;192:0;196:0;200:155;204:0;208:46;212:0;216:0;220:46;224:0;228:50;232:0;236:0;240:48;244:0;248:56;252:0;256:0;260:32;264:0;268:17;272:0;276:0;280:18;284:0;288:6;292:0;296:0;300:4;304:0;308:9;312:0;316:0;320:14;324:0;328:3;332:0;336:3;"
latency_dist,latency_distribution,mutex,2,0,3,18135200.67,52.33,50.00,70.00,101.00,39.02,74.56,54405602,0.00,0.06,nan,nan,nan,-1,1,"p999=341;hist_clip=p999;hist_overflow=96;gini=0.061655;os_perf=off;hist=20:5922;24:0;28:9655;32:0;36:8697;40:694;44:0;48:32418;52:0;56:32883;60:4184;64:0;68:3137;72:0;76:751;80:141;84:0;88:316;92:0;96:181;100:53;104:0;108:102;112:0;116:23;120:9;124:0;128:16;132:0;136:4;140:3;144:0;148:14;152:0;156:55;160:28;164:0;168:30;172:0;176:26;180:6;184:0;188:68;192:0;196:85;200:46;204:0;208:59;212:0;216:30;220:30;224:0;228:25;232:0;236:9;240:9;244:0;248:38;252:0;256:26;260:10;264:0;268:20;272:0;276:5;280:7;284:0;288:13;292:0;296:4;300:12;304:0;308:17;312:0;316:5;320:14;324:0;328:19;332:0;336:5;"
latency_dist,latency_distribution,mutex,2,0,4,18189918.00,52.79,50.00,70.00,120.00,55.11,104.39,54569754,0.00,0.06,nan,nan,nan,-1,1,"p999=381;hist_clip=p999;hist_overflow=98;gini=0.061071;os_perf=off;hist=20:6249;24:0;29:9826;33:0;38:9237;42:0;47:31261;51:0;56:33128;60:4148;65:0;69:3679;74:0;78:854;83:0;87:227;92:0;96:294;101:0;105:62;110:34;114:0;119:12;123:0;128:3;132:0;137:4;141:0;146:18;150:7;155:0;159:110;164:0;168:24;173:0;177:43;182:0;186:103;191:0;195:126;200:66;205:0;209:54;214:0;218:64;223:0;227:18;232:0;236:30;241:0;245:29;250:22;254:0;259:47;263:0;268:15;272:0;277:15;281:0;286:8;290:3;295:0;299:13;304:0;308:14;313:0;317:21;322:0;326:5;331:0;335:3;340:1;344:0;349:8;353:0;358:8;362:0;367:4;371:0;376:5;"
latency_dist,latency_distribution,mutex,2,0,5,18181835.33,52.42,50.00,70.00,111.00,42.91,81.86,54545506,0.00,0.06,nan,nan,nan,-1,1,"p999=330;hist_clip=p999;hist_overflow=99;gini=0.063750;os_perf=off;hist=20:6410;23:0;27:10146;31:0;35:0;39:9102;43:0;47:28197;51:2994;54:0;58:37413;62:0;66:2701;70:409;74:0;78:1185;82:0;85:0;89:191;93:0;97:60;101:0;105:0;109:193;113:0;116:2;120:2;124:0;128:8;132:0;136:2;140:1;144:0;147:15;151:0;155:0;159:108;163:0;167:22;171:0;175:0;178:62;182:0;186:90;190:57;194:0;198:212;202:0;206:0;209:97;213:0;217:26;221:0;225:0;229:15;233:0;237:12;240:7;244:0;248:40;252:0;256:26;260:14;264:0;268:15;271:0;275:0;279:13;283:0;287:11;291:0;295:0;299:13;302:0;306:3;310:5;314:0;318:19;322:0;326:3;"
latency_dist,latency_distribution,mutex,2,0,6,18137387.00,55.57,50.00,70.00,161.00,652.41,1174.12,54412161,0.00,0.07,nan,nan,nan,-1,1,"p999=391;hist_clip=p999;hist_overflow=100;gini=0.070352;os_perf=off;hist=20:6552;24:0;29:10318;33:0;38:8915;43:0;47:31065;52:0;57:37087;61:0;66:3469;71:0;75:848;80:140;84:0;89:240;94:0;98:76;103:0;108:162;112:0;117:12;122:0;126:4;131:0;135:2;140:1;145:0;149:17;154:0;159:113;163:0;168:25;173:0;177:58;182:0;186:150;191:0;196:160;200:103;205:66;210:38;214:0;219:49;224:0;228:20;233:0;237:12;242:0;247:32;251:0;256:44;261:0;265:19;270:10;275:0;279:12;284:0;288:7;293:0;298:5;302:0;307:7;312:0;316:19;321:0;326:2;330:8;335:0;339:3;344:0;349:10;353:0;358:3;363:0;367:5;372:0;377:4;381:0;386:8;"
latency_dist,latency_distribution,mutex,2,0,7,18205639.67,52.70,50.00,70.00,160.00,102.63,194.75,54616919,0.00,0.07,nan,nan,nan,-1,1,"p999=360;hist_clip=p999;hist_overflow=99;gini=0.070574;os_perf=off;hist=20:6499;24:0;28:10260;32:0;37:9237;41:0;45:0;49:30899;54:0;58:37132;62:0;66:3058;71:469;75:0;79:865;83:0;88:234;92:0;96:131;100:32;105:0;109:105;113:0;117:7;122:0;126:9;130:2;134:0;139:3;143:0;147:34;151:0;156:60;160:25;164:0;168:29;173:0;177:35;181:0;185:0;190:129;194:0;198:281;202:0;207:62;211:0;215:0;219:75;224:0;228:32;232:0;236:13;241:15;245:0;249:52;253:0;258:42;262:0;266:10;270:7;275:0;279:10;283:0;287:5;292:0;296:5;300:3;304:0;309:7;313:0;317:11;321:0;326:2;330:5;334:0;338:5;343:0;347:3;351:0;355:2;"
latency_dist,latency_distribution,spinlock,2,0,0,17510226.00,55.76,50.00,91.00,141.00,390.11,699.67,52530678,0.00,0.06,nan,nan,nan,-1,1,"p999=321;hist_clip=p999;hist_overflow=96;gini=0.055561;os_perf=off;hist=20:7384;23:0;27:4654;31:0;35:0;38:13283;42:0;46:43911;50:4529;53:0;57:10048;61:0;65:0;68:234;72:0;76:1696;80:335;83:0;87:10267;91:0;95:0;99:1538;102:0;106:397;110:127;114:0;117:252;121:0;125:0;129:30;132:0;136:294;140:100;144:0;147:415;151:0;155:0;159:215;162:0;166:13;170:3;174:0;178:40;181:0;185:0;189:8;193:0;196:6;200:5;204:0;208:10;211:0;215:0;219:3;223:0;226:6;230:1;234:0;238:4;241:0;245:0;249:7;253:0;257:1;260:7;264:0;268:11;272:0;275:0;279:9;283:0;287:3;290:7;294:0;298:12;302:0;305:0;309:18;313:0;317:21;"
latency_dist,latency_distribution,spinlock,2,0,1,15388833.00,67.95,60.00,110.00,150.00,31.31,46.08,46166499,0.00,0.02,nan,nan,nan,-1,1,"p999=361;hist_clip=p999;hist_overflow=99;gini=0.021523;os_perf=off;hist=20:2780;24:0;28:1898;32:0;37:278;41:0;45:0;49:36252;54:0;58:11632;62:0;66:20098;71:0;75:0;79:3763;83:0;88:13316;92:0;96:3477;100:803;105:0;109:895;113:0;118:1688;122:0;126:1047;130:317;135:0;139:551;143:0;147:362;152:0;156:217;160:94;164:0;169:133;173:0;177:46;181:0;186:14;190:13;194:0;199:36;203:0;207:16;211:0;216:15;220:4;224:0;228:14;233:0;237:13;241:0;245:5;250:6;254:0;258:9;262:0;267:15;271:0;275:7;280:5;284:0;288:13;292:0;297:12;301:0;305:0;309:13;314:0;318:12;322:0;326:5;331:0;335:0;339:13;343:0;348:5;352:0;356:9;"
latency_dist,latency_distribution,spinlock,2,0,2,17669866.00,54.07,50.00,90.00,151.00,51.35,94.98,53009598,0.00,0.05,nan,nan,nan,-1,1,"p999=360;hist_clip=p999;hist_overflow=98;gini=0.053277;os_perf=off;hist=20:7481;24:0;28:4894;32:0;37:14748;41:0;45:0;49:45277;54:0;58:13034;62:0;66:204;71:40;75:0;79:4826;83:0;88:6392;92:0;96:699;100:146;105:0;109:630;113:0;117:158;122:0;126:20;130:10;134:0;139:190;143:0;147:276;151:0;156:58;160:15;164:0;168:19;173:0;177:512;181:0;185:0;190:107;194:0;198:10;202:0;207:9;211:0;215:0;219:7;224:0;228:10;232:0;236:3;241:3;245:0;249:6;253:0;258:9;262:0;266:5;270:7;275:0;279:12;283:0;287:9;292:0;296:7;300:7;304:0;309:18;313:0;317:24;321:0;326:0;330:9;334:0;338:6;343:0;347:2;351:0;355:3;"
latency_dist,latency_distribution,spinlock,2,0,3,15014366.67,83.17,80.00,160.00,171.00,50.56,60.79,45043100,0.00,0.14,nan,nan,nan,-1,1,"p999=401;hist_clip=p999;hist_overflow=99;gini=0.138368;os_perf=off;hist=20:7520;24:0;29:4803;34:0;39:14448;43:0;48:8657;53:0;58:87;62:0;67:13951;72:0;77:14956;81:0;86:3889;91:0;96:1802;100:381;105:1574;110:407;115:1222;120:323;124:0;129:6551;134:0;139:9266;143:0;148:4037;153:0;158:3648;162:0;167:1569;172:0;177:350;181:0;186:102;191:0;196:46;200:22;205:17;210:12;215:11;220:8;224:0;229:13;234:0;239:18;243:0;248:29;253:0;258:19;262:0;267:15;272:0;277:26;281:0;286:13;291:0;296:5;300:9;305:7;310:8;315:7;320:13;324:0;329:13;334:0;339:11;343:0;348:11;353:0;358:2;362:0;367:4;372:0;377:4;381:0;386:7;391:0;396:8;"
latency_dist,latency_distribution,spinlock,2,0,4,17166087.33,56.85,50.00,90.00,140.00,29.77,52.37,51498262,0.00,0.04,nan,nan,nan,-1,1,"p999=331;hist_clip=p999;hist_overflow=97;gini=0.040356;os_perf=off;hist=20:5960;23:0;27:3859;31:0;35:0;39:11592;43:0;47:42622;51:0;54:0;58:14649;62:0;66:195;70:33;74:0;78:9555;82:0;86:0;89:9604;93:0;97:174;101:0;105:0;109:501;113:0;117:139;121:0;124:0;128:31;132:0;136:113;140:30;144:0;148:236;152:0;156:0;159:71;163:0;167:22;171:0;175:0;179:273;183:0;187:129;191:0;194:0;198:10;202:0;206:5;210:5;214:0;218:11;222:0;226:0;229:4;233:0;237:8;241:0;245:0;249:2;253:0;257:9;261:0;264:0;268:7;272:0;276:2;280:4;284:0;288:9;292:0;296:0;299:8;303:0;307:12;311:0;315:0;319:13;323:0;327:6;"
latency_dist,latency_distribution,spinlock,2,0,5,15176092.67,71.17,60.00,120.00,180.00,531.52,746.81,45528278,0.00,0.02,nan,nan,nan,-1,1,"p999=411;hist_clip=p999;hist_overflow=100;gini=0.020245;os_perf=off;hist=20:3452;24:0;29:2596;34:0;39:408;44:0;49:33217;54:0;59:12637;63:0;68:19417;73:0;78:3696;83:0;88:12224;93:0;98:4686;103:0;107:1483;112:0;117:2257;122:0;127:952;132:0;137:554;142:0;147:406;151:0;156:685;161:0;166:246;171:0;176:201;181:0;186:94;191:0;195:168;200:109;205:52;210:34;215:23;220:14;225:22;230:9;235:0;239:27;244:0;249:19;254:0;259:18;264:0;269:14;274:0;279:30;283:0;288:19;293:0;298:18;303:0;308:26;313:0;318:17;323:0;327:9;332:0;337:13;342:0;347:7;352:0;357:12;362:0;367:4;371:0;376:5;381:0;386:11;391:0;396:3;401:0;406:6;"
latency_dist,latency_distribution,spinlock,2,0,6,18464902.00,50.45,50.00,90.00,120.00,24.79,49.14,55394706,0.00,0.06,nan,nan,nan,-1,1,"p999=321;hist_clip=p999;hist_overflow=96;gini=0.058854;os_perf=off;hist=20:8196;23:0;27:4969;31:0;35:0;38:15814;42:0;46:48205;50:5103;53:0;57:8724;61:0;65:0;68:134;72:0;76:2375;80:416;83:0;87:4117;91:0;95:0;99:648;102:0;106:211;110:73;114:0;117:146;121:0;125:0;129:27;132:0;136:122;140:47;144:0;147:164;151:0;155:0;159:78;162:0;166:19;170:12;174:0;178:153;181:0;185:0;189:6;193:0;196:6;200:4;204:0;208:10;211:0;215:0;219:10;223:0;226:7;230:3;234:0;238:8;241:0;245:0;249:7;253:0;257:9;260:5;264:0;268:12;272:0;275:0;279:9;283:0;287:7;290:7;294:0;298:13;302:0;305:0;309:14;313:0;317:14;"
latency_dist,latency_distribution,spinlock,2,0,7,15008902.00,84.99,80.00,160.00,171.00,47.77,56.21,45026706,0.00,0.14,nan,nan,nan,-1,1,"p999=300;hist_clip=p999;hist_overflow=99;gini=0.144180;os_perf=off;hist=20:7005;23:0;27:3732;30:255;34:0;37:13192;41:1117;44:0;48:8780;51:0;55:0;58:72;62:0;65:0;69:13082;72:0;76:0;79:15012;83:0;86:0;90:5052;93:0;97:937;100:204;104:0;107:1255;111:313;114:0;118:1507;121:0;125:0;128:8780;132:0;135:0;139:8237;142:0;146:0;149:3907;153:0;156:0;160:4747;163:0;167:1490;170:733;174:0;177:183;181:90;184:0;188:90;191:0;195:0;198:22;202:0;205:0;209:7;212:0;216:0;219:10;223:0;226:0;230:15;233:0;237:7;240:3;244:0;247:11;251:11;254:0;258:8;261:0;265:0;268:8;272:0;275:0;279:17;282:0;286:0;289:8;293:0;296:2;"
latency_dist,latency_distribution,mcs_lock,2,0,0,17914671.00,53.94,50.00,90.00,101.00,25.14,46.61,53744013,0.00,0.06,nan,nan,nan,-1,1,"p999=261;hist_clip=p999;hist_overflow=98;gini=0.063121;os_perf=off;hist=20:1790;23:0;26:0;29:11468;32:0;35:0;38:9795;41:0;44:0;47:27601;50:2911;53:0;56:0;59:39023;62:0;65:0;68:1053;71:0;74:0;77:106;80:19;83:0;86:0;89:2247;92:0;95:0;98:3667;101:0;104:0;107:57;110:12;113:0;116:0;119:3;122:0;125:0;128:4;131:0;134:0;137:5;140:3;143:0;146:0;149:9;152:0;155:0;158:0;161:0;164:0;167:4;170:2;173:0;176:0;179:15;182:0;185:0;188:20;191:0;194:0;197:10;200:1;203:0;206:0;209:10;212:0;215:0;218:4;221:0;224:0;227:6;230:7;233:0;236:0;239:18;242:0;245:0;248:26;251:0;254:0;257:6;"
latency_dist,latency_distribution,mcs_lock,2,0,1,15346016.00,69.49,61.00,100.00,241.00,33.45,48.14,46038048,0.00,0.02,nan,nan,nan,-1,1,"p999=291;hist_clip=p999;hist_overflow=98;gini=0.022163;os_perf=off;hist=20:711;23:0;26:4061;30:256;33:0;36:89;40:5;43:0;47:8952;50:942;53:0;57:33630;60:4297;64:0;67:29615;70:4459;74:0;77:2174;80:371;84:0;87:1785;91:0;94:0;97:4545;101:0;104:0;108:453;111:0;114:0;118:159;121:0;125:0;128:59;131:0;135:0;138:50;141:0;145:0;148:103;152:0;155:0;158:517;162:0;165:0;169:484;172:0;175:0;179:89;182:0;185:0;189:201;192:0;196:0;199:267;202:0;206:0;209:267;213:0;216:0;219:189;223:0;226:62;230:55;233:0;236:97;240:91;243:0;246:155;250:86;253:0;257:115;260:109;263:0;267:144;270:131;274:0;277:60;280:51;284:0;287:16;"
latency_dist,latency_distribution,mcs_lock,2,0,2,17852747.67,53.74,50.00,90.00,100.00,20.86,38.82,53558243,0.00,0.06,nan,nan,nan,-1,1,"p999=231;hist_clip=p999;hist_overflow=97;gini=0.061138;os_perf=off;hist=20:1763;22:0;25:0;27:10558;30:636;33:0;35:0;38:9953;41:0;43:0;46:0;49:30754;51:0;54:0;56:0;59:39032;62:0;64:0;67:821;70:131;72:0;75:0;78:63;80:9;83:0;85:0;88:2313;91:0;93:0;96:0;99:3713;101:0;104:0;107:0;109:89;112:0;114:0;117:4;120:0;122:0;125:0;128:4;130:0;133:0;136:0;138:1;141:0;143:0;146:0;149:2;151:0;154:0;157:0;159:3;162:0;165:0;167:0;170:4;172:0;175:0;178:5;180:4;183:0;186:0;188:8;191:0;194:0;196:0;199:13;201:0;204:0;207:0;209:8;212:0;215:0;217:0;220:1;223:0;225:0;228:11;"
latency_dist,latency_distribution,mcs_lock,2,0,3,11936977.33,116.65,81.00,280.00,300.00,81.30,69.70,35810932,0.00,0.09,nan,nan,nan,-1,1,"p999=411;hist_clip=p999;hist_overflow=99;gini=0.089488;os_perf=off;hist=20:1197;24:0;29:7984;34:0;39:7084;44:0;49:12004;54:0;59:675;63:0;68:1166;73:0;78:23222;83:0;88:4744;93:0;98:2021;103:0;107:2408;112:0;117:3275;122:0;127:2907;132:0;137:1636;142:0;147:1320;151:0;156:2459;161:0;166:1989;171:0;176:2761;181:0;186:3931;191:0;195:924;200:505;205:542;210:347;215:1012;220:693;225:635;230:504;235:0;239:938;244:0;249:1092;254:0;259:1271;264:0;269:3369;274:0;279:2875;283:0;288:1368;293:0;298:553;303:0;308:334;313:0;318:76;323:0;327:23;332:0;337:8;342:0;347:9;352:0;357:10;362:0;367:6;371:0;376:10;381:0;386:5;391:0;396:4;401:0;406:5;"
latency_dist,latency_distribution,mcs_lock,2,0,4,18153237.00,52.95,50.00,70.00,100.00,21.92,41.40,54459711,0.00,0.07,nan,nan,nan,-1,1,"p999=240;hist_clip=p999;hist_overflow=96;gini=0.065002;os_perf=off;hist=20:1914;22:0;25:0;28:11227;31:678;33:0;36:0;39:9896;42:0;44:0;47:28311;50:2984;53:0;55:0;58:39302;61:0;64:0;66:0;69:915;72:0;75:0;77:86;80:18;83:0;86:0;88:1626;91:0;94:0;97:0;99:2728;102:0;105:0;108:52;110:16;113:0;116:0;119:9;121:0;124:0;127:0;130:7;132:0;135:0;138:4;141:6;143:0;146:0;149:14;152:0;154:0;157:5;160:4;163:0;165:0;168:13;171:0;174:0;176:0;179:20;182:0;185:0;187:15;190:13;193:0;196:0;198:12;201:0;204:0;207:0;209:10;212:0;215:0;218:4;220:1;223:0;226:0;229:7;231:0;234:0;237:7;"
latency_dist,latency_distribution,mcs_lock,2,0,5,15653661.67,66.80,60.00,100.00,191.00,28.19,42.19,46960985,0.00,0.03,nan,nan,nan,-1,1,"p999=291;hist_clip=p999;hist_overflow=100;gini=0.025770;os_perf=off;hist=20:789;23:0;26:4760;30:294;33:0;36:80;40:7;43:0;47:9598;50:1004;53:0;57:34517;60:4266;64:0;67:28545;70:4372;74:0;77:2269;80:392;84:0;87:1780;91:0;94:0;97:4584;101:0;104:0;108:419;111:0;114:0;118:59;121:0;125:0;128:67;131:0;135:0;138:60;141:0;145:0;148:92;152:0;155:0;158:569;162:0;165:0;169:126;172:0;175:0;179:87;182:0;185:0;189:335;192:0;196:0;199:275;202:0;206:0;209:359;213:0;216:0;219:73;223:0;226:17;230:11;233:0;236:6;240:8;243:0;246:6;250:8;253:0;257:10;260:10;263:0;267:12;270:17;274:0;277:4;280:6;284:0;287:7;"
latency_dist,latency_distribution,mcs_lock,2,0,6,18257811.00,52.33,50.00,61.00,100.00,25.61,48.95,54773433,0.00,0.06,nan,nan,nan,-1,1,"p999=190;hist_clip=p999;hist_overflow=99;gini=0.064880;os_perf=off;hist=20:1929;22:0;24:0;26:0;28:10986;30:695;32:0;34:0;37:0;39:10517;41:0;43:0;45:0;47:0;49:32158;51:0;54:0;56:0;58:34967;60:4480;62:0;64:0;66:0;68:525;71:110;73:0;75:0;77:0;79:96;81:0;83:0;85:0;88:1108;90:233;92:0;94:0;96:0;98:1593;100:383;102:0;105:0;107:0;109:62;111:0;113:0;115:0;117:0;119:5;122:0;124:0;126:0;128:5;130:1;132:0;134:0;136:0;139:3;141:0;143:0;145:0;147:0;149:1;151:0;153:0;156:0;158:0;160:3;162:0;164:0;166:0;168:1;170:2;173:0;175:0;177:0;179:17;181:0;183:0;185:0;187:21;"
latency_dist,latency_distribution,mcs_lock,2,0,7,12259633.33,112.46,80.00,280.00,301.00,79.49,70.68,36778900,0.00,0.09,nan,nan,nan,-1,1,"p999=351;hist_clip=p999;hist_overflow=98;gini=0.093527;os_perf=off;hist=20:1385;24:0;28:8815;32:0;36:6943;40:572;44:0;48:12319;53:0;57:551;61:0;65:0;69:1402;73:0;77:24993;82:0;86:3783;90:763;94:0;98:1663;102:0;106:2017;111:0;115:0;119:3032;123:0;127:2902;131:0;135:0;139:1725;144:0;148:962;152:0;156:1335;160:525;164:0;168:2168;173:0;177:2477;181:0;185:0;189:2736;193:0;197:1534;202:0;206:578;210:394;214:0;218:1959;222:0;226:1337;231:0;235:0;239:969;243:0;247:1266;251:0;255:0;259:1174;264:0;268:2507;272:0;276:1105;280:1263;284:0;288:1385;293:0;297:506;301:0;305:0;309:521;313:0;317:268;322:0;326:20;330:19;334:0;338:22;342:0;346:7;"
latency_dist,latency_distribution,semaphore,2,0,0,16692111.33,63.22,60.00,180.00,241.00,60.13,95.11,50076334,0.00,0.09,nan,nan,nan,-1,1,"p999=501;hist_clip=p999;hist_overflow=99;gini=0.091430;os_perf=off;hist=20:5188;26:9442;32:0;38:7683;44:23264;50:2378;56:39433;62:0;68:1426;74:489;80:67;86:3484;92:0;98:514;104:156;110:44;116:139;122:0;128:108;134:93;140:37;146:242;152:0;158:261;164:191;170:88;176:505;182:0;188:515;194:559;200:349;206:1360;212:0;218:399;224:153;230:141;236:311;242:0;248:124;254:25;260:38;266:82;272:0;278:71;284:40;290:50;296:72;302:0;308:80;314:39;320:63;326:52;332:0;338:29;344:3;350:4;356:2;362:0;368:6;374:0;380:3;386:4;392:0;398:3;404:2;410:5;416:8;422:0;428:10;434:3;440:8;446:8;452:0;458:7;464:0;470:7;476:5;482:0;488:12;494:17;"
latency_dist,latency_distribution,semaphore,2,0,1,16652759.00,62.67,60.00,160.00,251.00,59.21,94.47,49958277,0.00,0.09,nan,nan,nan,-1,1,"p999=511;hist_clip=p999;hist_overflow=87;gini=0.090308;os_perf=off;hist=20:5145;26:9404;32:0;38:7697;44:23449;50:2438;56:38845;62:0;69:2011;75:707;81:0;87:3620;93:0;99:529;105:296;112:0;118:284;124:90;130:32;136:140;142:0;148:202;155:218;161:0;167:228;173:0;179:388;185:433;191:0;197:587;204:666;210:463;216:317;222:0;228:282;234:230;240:183;247:174;253:0;259:87;265:79;271:0;277:72;283:55;290:46;296:86;302:0;308:104;314:38;320:66;326:46;333:0;339:14;345:5;351:0;357:6;363:0;369:5;375:6;382:0;388:9;394:1;400:5;406:10;412:0;418:10;425:17;431:0;437:14;443:0;449:7;455:11;461:0;468:10;474:0;480:8;486:9;492:0;498:11;504:18;"
latency_dist,latency_distribution,semaphore,2,0,2,16686926.00,62.24,60.00,151.00,241.00,56.69,91.08,50060778,0.00,0.09,nan,nan,nan,-1,1,"p999=471;hist_clip=p999;hist_overflow=98;gini=0.087887;os_perf=off;hist=20:4922;25:9238;31:0;36:7547;42:0;48:26434;53:0;59:39173;65:1388;70:204;76:596;82:0;87:4000;93:0;98:628;104:227;110:50;115:214;121:0;127:101;132:0;138:86;144:0;149:207;155:150;160:64;166:213;172:0;177:420;183:0;189:431;194:463;200:246;206:1149;211:0;217:301;222:0;228:281;234:0;239:404;245:148;251:0;256:57;262:0;268:61;273:0;279:57;284:30;290:48;296:85;301:0;307:95;313:0;318:80;324:16;330:16;335:14;341:0;346:5;352:0;358:3;363:0;369:2;375:1;380:0;386:2;392:0;397:5;403:0;408:4;414:1;420:0;425:10;431:0;437:7;442:0;448:5;454:0;459:7;465:6;"
latency_dist,latency_distribution,semaphore,2,0,3,16267010.67,66.12,60.00,181.00,281.00,99.57,150.58,48801032,0.00,0.09,nan,nan,nan,-1,1,"p999=1122;hist_clip=p999;hist_overflow=100;gini=0.093420;os_perf=off;hist=20:15080;33:7976;47:62659;61:2610;75:828;88:3598;102:335;116:635;130:173;143:245;157:519;171:375;185:468;199:1782;212:373;226:625;240:429;254:90;267:208;281:127;295:117;309:201;323:47;336:34;350:20;364:19;378:26;391:12;405:16;419:48;433:19;447:14;460:35;474:14;488:42;502:12;515:16;529:9;543:8;557:2;571:8;584:4;598:5;612:2;626:1;639:3;653:0;667:0;681:1;694:2;708:4;722:0;736:0;750:1;763:1;777:1;791:3;805:0;818:0;832:1;846:0;860:0;874:1;887:0;901:1;915:1;929:1;942:2;956:0;970:1;984:0;998:1;1011:1;1025:3;1039:1;1053:0;1066:1;1080:1;1094:0;1108:2;"
latency_dist,latency_distribution,semaphore,2,0,4,16238368.67,64.98,60.00,170.00,290.00,90.42,139.16,48715106,0.00,0.09,nan,nan,nan,-1,1,"p999=982;hist_clip=p999;hist_overflow=98;gini=0.091668;os_perf=off;hist=20:15341;32:8111;44:25209;56:37952;68:3056;80:2951;92:515;104:389;116:471;128:414;140:278;152:207;164:262;176:355;188:695;200:1175;212:324;224:324;236:459;248:248;260:134;272:107;284:104;296:106;308:147;320:144;332:25;344:18;356:10;368:16;380:23;392:8;404:11;416:22;428:32;440:39;452:9;464:18;476:20;488:23;501:51;513:14;525:10;537:9;549:12;561:5;573:3;585:0;597:2;609:3;621:2;633:3;645:0;657:3;669:3;681:3;693:2;705:5;717:5;729:2;741:2;753:1;765:1;777:2;789:0;801:1;813:1;825:0;837:0;849:0;861:0;873:0;885:0;897:1;909:0;921:1;933:0;945:0;957:0;969:3;"
latency_dist,latency_distribution,semaphore,2,0,5,16523093.33,63.57,60.00,160.00,281.00,76.01,119.57,49569280,0.00,0.10,nan,nan,nan,-1,1,"p999=581;hist_clip=p999;hist_overflow=100;gini=0.095104;os_perf=off;hist=20:5368;27:9969;34:8194;41:0;48:25263;55:38321;62:0;69:2456;76:686;83:2358;90:511;97:452;104:341;111:0;118:377;125:211;132:0;139:165;146:241;153:165;160:60;167:230;174:321;181:0;188:384;195:533;202:0;209:892;216:334;223:175;230:122;237:405;244:201;251:0;258:88;265:92;272:0;279:114;286:97;293:50;300:71;307:119;314:97;321:0;328:43;335:8;342:0;349:7;356:9;363:2;370:4;377:12;384:14;391:0;398:23;405:18;412:0;419:35;426:39;433:1;440:21;447:22;454:23;461:0;468:23;475:22;482:0;489:19;496:22;503:1;510:30;517:18;524:6;531:0;538:8;545:3;552:0;559:1;566:1;573:2;"
latency_dist,latency_distribution,semaphore,2,0,6,16488333.67,64.70,60.00,180.00,281.00,104.32,161.24,49465001,0.00,0.09,nan,nan,nan,-1,1,"p999=701;hist_clip=p999;hist_overflow=98;gini=0.092160;os_perf=off;hist=20:5216;28:9958;37:8164;45:25224;54:38511;62:2166;71:0;79:656;88:2704;96:500;105:329;113:376;122:158;130:64;139:146;147:277;156:209;164:241;173:358;181:258;190:175;198:675;207:1151;215:374;224:325;232:385;241:0;249:196;258:80;266:68;275:90;283:105;292:37;300:63;309:125;317:121;326:56;334:31;343:9;351:2;360:4;369:4;377:10;386:6;394:13;403:10;411:3;420:13;428:26;437:19;445:8;454:18;462:15;471:0;479:21;488:27;496:27;505:17;513:17;522:0;530:20;539:11;547:2;556:4;564:2;573:1;581:0;590:2;598:2;607:4;615:1;624:2;632:1;641:0;649:2;658:0;666:1;675:0;683:3;692:3;"
latency_dist,latency_distribution,semaphore,2,0,7,16441233.33,64.10,60.00,180.00,270.00,72.93,113.78,49323700,0.00,0.09,nan,nan,nan,-1,1,"p999=561;hist_clip=p999;hist_overflow=99;gini=0.088436;os_perf=off;hist=20:5105;26:9648;33:7060;40:595;47:25728;53:34477;60:4382;67:1866;74:600;80:113;87:2983;94:579;101:0;107:315;114:320;121:0;128:237;134:122;141:0;148:234;155:243;162:0;168:280;175:398;182:0;189:481;195:597;202:0;209:1050;216:410;222:0;229:396;236:465;243:0;249:217;256:82;263:39;270:53;276:89;283:44;290:67;297:102;304:41;310:65;317:95;324:67;331:0;337:34;344:15;351:0;358:9;364:9;371:0;378:8;385:8;391:0;398:11;405:11;412:0;418:20;425:18;432:0;439:12;446:8;452:0;459:16;466:9;473:0;479:14;486:14;493:0;500:12;506:11;513:0;520:3;527:4;533:0;540:6;547:2;554:2;"
latency_dist,latency_distribution,mutex,4,0,0,14119457.67,224.50,80.00,812.00,2365.00,433.71,193.19,42358373,0.00,0.09,nan,nan,nan,-1,1,"p999=4278;hist_clip=p999;hist_overflow=200;gini=0.088413;os_perf=off;hist=20:93629;73:40670;126:11169;179:7614;232:5300;286:5327;339:5454;392:4098;445:3802;499:4189;552:2728;605:2117;658:1746;711:1244;765:945;818:867;871:837;924:710;978:660;1031:699;1084:493;1137:459;1190:467;1244:341;1297:250;1350:226;1403:148;1457:117;1510:102;1563:81;1616:82;1669:113;1723:127;1776:130;1829:100;1882:105;1936:75;1989:56;2042:83;2095:73;2149:94;2202:133;2255:155;2308:166;2361:158;2415:138;2468:113;2521:98;2574:104;2628:88;2681:77;2734:86;2787:66;2840:64;2894:70;2947:44;3000:38;3053:80;3107:50;3160:54;3213:80;3266:56;3319:53;3373:38;3426:37;3479:37;3532:29;3586:26;3639:15;3692:18;3745:16;3798:11;3852:8;3905:7;3958:11;4011:9;4065:15;4118:3;4171:10;4224:12;"
latency_dist,latency_distribution,mutex,4,0,1,14104080.00,226.17,80.00,831.00,2395.00,440.99,194.98,42312240,0.00,0.09,nan,nan,nan,-1,1,"p999=4358;hist_clip=p999;hist_overflow=199;gini=0.086747;os_perf=off;hist=20:93399;74:40786;128:12795;182:6229;236:6461;291:5214;345:4355;399:4817;453:3717;508:3957;562:2583;616:1938;670:1755;724:1084;779:1074;833:818;887:810;941:773;996:617;1050:682;1104:492;1158:514;1212:353;1267:297;1321:306;1375:176;1429:160;1484:82;1538:84;1592:79;1646:104;1700:142;1755:120;1809:110;1863:111;1917:77;1972:90;2026:51;2080:82;2134:112;2189:127;2243:164;2297:159;2351:177;2405:136;2460:132;2514:114;2568:92;2622:103;2677:79;2731:87;2785:76;2839:64;2893:74;2948:59;3002:71;3056:56;3110:48;3165:67;3219:52;3273:78;3327:47;3381:36;3436:46;3490:31;3544:35;3598:26;3653:16;3707:17;3761:14;3815:19;3869:12;3924:9;3978:10;4032:11;4086:15;4141:4;4195:12;4249:5;4303:15;"
latency_dist,latency_distribution,mutex,4,0,2,14064947.00,226.20,80.00,812.00,2374.00,548.83,242.62,42194841,0.00,0.09,nan,nan,nan,-1,1,"p999=4248;hist_clip=p999;hist_overflow=200;gini=0.085630;os_perf=off;hist=20:93148;72:40638;125:11256;178:7695;231:5401;284:5413;337:4727;389:4864;442:3890;495:3470;548:3379;601:2151;654:1623;707:1219;759:1135;812:822;865:734;918:773;971:742;1024:550;1077:527;1129:533;1182:446;1235:335;1288:244;1341:268;1394:150;1446:126;1499:105;1552:100;1605:79;1658:103;1711:168;1764:94;1816:90;1869:82;1922:86;1975:52;2028:62;2081:73;2134:108;2186:134;2239:144;2292:182;2345:141;2398:137;2451:109;2503:113;2556:93;2609:106;2662:98;2715:65;2768:69;2821:61;2873:70;2926:59;2979:57;3032:55;3085:47;3138:67;3191:49;3243:49;3296:70;3349:48;3402:46;3455:55;3508:23;3560:28;3613:24;3666:18;3719:19;3772:19;3825:10;3878:13;3930:8;3983:9;4036:12;4089:8;4142:9;4195:15;"
latency_dist,latency_distribution,mutex,4,0,3,13989371.00,228.65,80.00,831.00,2404.00,446.73,195.38,41968113,0.00,0.08,nan,nan,nan,-1,1,"p999=4499;hist_clip=p999;hist_overflow=200;gini=0.084883;os_perf=off;hist=20:92840;75:43297;131:9926;187:7387;243:5517;299:6045;355:5232;411:3961;467:4603;523:3152;579:2973;635:2077;691:1357;747:1267;803:818;859:1005;915:721;971:737;1027:717;1083:548;1139:571;1195:386;1251:356;1307:268;1363:153;1419:178;1475:108;1531:105;1587:79;1643:115;1699:148;1755:108;1811:122;1867:111;1923:102;1979:62;2035:53;2091:88;2147:121;2203:146;2259:194;2315:144;2371:174;2427:125;2483:130;2539:146;2595:93;2651:93;2707:86;2763:88;2819:71;2875:69;2931:72;2987:55;3043:47;3099:52;3155:66;3211:64;3267:57;3323:67;3379:47;3435:34;3491:35;3547:33;3603:24;3659:21;3715:18;3771:15;3827:17;3883:6;3939:4;3995:13;4051:16;4107:9;4163:6;4219:5;4275:10;4331:12;4387:16;4443:6;"
latency_dist,latency_distribution,mutex,4,0,4,13998753.33,227.30,80.00,822.00,2385.09,440.66,193.87,41996260,0.00,0.09,nan,nan,nan,-1,1,"p999=4418;hist_clip=p999;hist_overflow=200;gini=0.085579;os_perf=off;hist=20:93405;74:40226;129:12596;184:6424;239:6485;294:5184;349:5299;404:4047;459:4538;514:3209;569:3205;624:1982;679:1726;734:1048;789:1035;844:774;899:875;954:631;1009:739;1064:556;1119:607;1174:441;1229:392;1284:270;1339:249;1394:156;1449:146;1504:76;1559:75;1614:80;1669:123;1724:131;1779:137;1834:106;1889:90;1944:71;1999:88;2054:61;2109:104;2164:138;2219:146;2273:162;2328:146;2383:160;2438:122;2493:122;2548:95;2603:102;2658:67;2713:104;2768:56;2823:89;2878:62;2933:66;2988:46;3043:50;3098:48;3153:72;3208:58;3263:75;3318:50;3373:45;3428:31;3483:44;3538:25;3593:27;3648:20;3703:20;3758:17;3813:24;3868:12;3923:13;3978:4;4033:13;4088:10;4143:19;4198:13;4253:13;4308:14;4363:13;"
latency_dist,latency_distribution,mutex,4,0,5,14065961.67,227.07,80.00,812.00,2405.00,599.39,263.97,42197885,0.00,0.09,nan,nan,nan,-1,1,"p999=4448;hist_clip=p999;hist_overflow=200;gini=0.086195;os_perf=off;hist=20:93667;75:42628;130:10608;186:7305;241:5358;296:6164;352:4419;407:4772;462:3783;518:3815;573:2395;628:2132;684:1332;739:1268;794:850;850:903;905:739;960:833;1016:564;1071:643;1127:571;1182:410;1237:377;1293:245;1348:233;1403:147;1459:142;1514:88;1569:79;1625:74;1680:116;1735:121;1791:146;1846:101;1901:92;1957:68;2012:57;2067:58;2123:91;2178:134;2234:166;2289:144;2344:149;2400:156;2455:116;2510:142;2566:97;2621:113;2676:64;2732:98;2787:57;2842:71;2898:59;2953:50;3008:46;3064:57;3119:63;3174:63;3230:70;3285:59;3341:55;3396:55;3451:49;3507:28;3562:26;3617:31;3673:19;3728:19;3783:16;3839:14;3894:13;3949:10;4005:16;4060:7;4115:15;4171:15;4226:13;4281:8;4337:11;4392:12;"
latency_dist,latency_distribution,mutex,4,0,6,14043472.67,225.70,80.00,812.00,2384.00,446.60,197.87,42130418,0.00,0.09,nan,nan,nan,-1,1,"p999=4448;hist_clip=p999;hist_overflow=198;gini=0.086170;os_perf=off;hist=20:93117;75:42824;130:10846;186:7241;241:5467;296:6153;352:4313;407:4876;462:3656;518:3842;573:2512;628:2248;684:1301;739:1292;794:820;850:943;905:717;960:804;1016:587;1071:618;1127:578;1182:449;1237:394;1293:250;1348:224;1403:145;1459:125;1514:87;1569:75;1625:68;1680:125;1735:122;1791:107;1846:89;1901:98;1957:62;2012:65;2067:74;2123:105;2178:126;2234:172;2289:169;2344:167;2400:150;2455:136;2510:111;2566:104;2621:101;2676:81;2732:92;2787:50;2842:68;2898:57;2953:62;3008:54;3064:57;3119:50;3174:58;3230:44;3285:47;3341:67;3396:36;3451:57;3507:33;3562:34;3617:27;3673:24;3728:24;3783:13;3839:14;3894:13;3949:3;4005:10;4060:9;4115:10;4171:6;4226:13;4281:7;4337:15;4392:12;"
latency_dist,latency_distribution,mutex,4,0,7,14057351.00,228.65,80.00,812.00,2394.00,747.14,326.76,42172053,0.00,0.09,nan,nan,nan,-1,1,"p999=4548;hist_clip=p999;hist_overflow=200;gini=0.086580;os_perf=off;hist=20:93021;76:43492;133:10190;189:7541;246:6420;303:5116;359:5245;416:4715;472:3520;529:3635;586:2789;642:1658;699:1565;755:1114;812:754;869:907;925:801;982:630;1038:659;1095:528;1152:543;1208:435;1265:314;1321:292;1378:222;1435:109;1491:114;1548:92;1604:64;1661:118;1718:158;1774:118;1831:130;1887:97;1944:80;2001:83;2057:62;2114:74;2170:131;2227:119;2284:185;2340:179;2397:117;2453:167;2510:127;2567:87;2623:84;2680:86;2736:85;2793:76;2850:79;2906:49;2963:59;3019:52;3076:38;3133:62;3189:71;3246:45;3302:61;3359:52;3416:57;3472:45;3529:30;3585:36;3642:30;3699:16;3755:21;3812:26;3868:10;3925:5;3982:9;4038:12;4095:14;4151:11;4208:6;4265:13;4321:10;4378:11;4434:15;4491:7;"
latency_dist,latency_distribution,spinlock,4,0,0,10973126.00,320.24,271.00,672.00,1012.00,773.15,241.43,32919378,0.00,0.09,nan,nan,nan,-1,1,"p999=1623;hist_clip=p999;hist_overflow=196;gini=0.087115;os_perf=off;hist=20:217;40:1110;60:2688;80:2558;100:4216;120:11330;140:11957;160:9829;180:15318;200:20107;220:12411;240:4563;260:7712;280:11715;300:8363;320:5406;340:5368;360:9181;380:8936;400:5047;420:3278;440:4508;460:4645;480:3228;500:2498;520:2121;540:3867;561:1951;581:1407;601:1437;621:1406;641:1213;661:758;681:716;701:832;721:807;741:681;761:561;781:561;801:649;821:532;841:420;861:324;881:285;901:322;921:289;941:232;961:171;981:161;1001:191;1021:169;1041:142;1061:109;1081:164;1102:122;1122:91;1142:65;1162:82;1182:76;1202:75;1222:54;1242:47;1262:56;1282:65;1302:38;1322:44;1342:36;1362:36;1382:23;1402:23;1422:27;1442:19;1462:31;1482:28;1502:26;1522:21;1542:18;1562:15;1582:8;1602:11;"
latency_dist,latency_distribution,spinlock,4,0,1,10973903.33,318.33,271.00,671.00,1002.00,599.56,188.35,32921710,0.00,0.09,nan,nan,nan,-1,1,"p999=1613;hist_clip=p999;hist_overflow=197;gini=0.087943;os_perf=off;hist=20:93;39:389;59:2612;79:2074;99:2605;119:8721;139:13399;159:10305;179:12631;199:20536;219:16681;239:4974;258:5764;278:12311;298:8784;318:5853;338:4760;358:9578;378:10127;398:5593;418:3356;438:4491;458:5161;477:3422;497:2535;517:2150;537:2515;557:2369;577:1536;597:1359;617:1394;637:1379;657:957;677:685;697:742;716:828;736:729;756:566;776:565;796:692;816:567;836:445;856:303;876:225;896:324;916:298;935:246;955:188;975:170;995:198;1015:174;1035:131;1055:99;1075:109;1095:93;1115:81;1135:72;1155:79;1174:81;1194:89;1214:61;1234:39;1254:53;1274:46;1294:46;1314:41;1334:26;1354:50;1374:37;1393:23;1413:26;1433:24;1453:31;1473:24;1493:14;1513:9;1533:15;1553:19;1573:12;1593:14;"
latency_dist,latency_distribution,spinlock,4,0,2,10985330.33,319.52,271.00,682.00,1022.00,569.11,178.12,32955991,0.00,0.09,nan,nan,nan,-1,1,"p999=1633;hist_clip=p999;hist_overflow=198;gini=0.089794;os_perf=off;hist=20:256;40:1117;60:2821;80:2585;100:4198;120:11589;140:13837;161:9653;181:16959;201:20795;221:9440;241:4248;261:9326;282:11040;302:7301;322:4770;342:6501;362:10349;382:7578;403:3986;423:3753;443:5131;463:4235;483:2832;503:2373;524:2322;544:2877;564:1975;584:1428;604:1433;624:1424;645:1175;665:797;685:701;705:882;725:868;745:682;766:559;786:578;806:676;826:541;846:401;866:308;886:313;907:347;927:294;947:221;967:194;987:172;1007:212;1028:152;1048:118;1068:131;1088:130;1108:138;1128:99;1149:87;1169:86;1189:91;1209:63;1229:57;1249:47;1270:56;1290:58;1310:42;1330:40;1350:47;1370:52;1391:30;1411:34;1431:19;1451:23;1471:24;1491:28;1512:20;1532:19;1552:19;1572:11;1592:11;1612:17;"
latency_dist,latency_distribution,spinlock,4,0,3,10987810.00,317.85,271.00,671.00,1011.00,510.42,160.58,32963430,0.00,0.09,nan,nan,nan,-1,1,"p999=1593;hist_clip=p999;hist_overflow=195;gini=0.088234;os_perf=off;hist=20:105;39:419;59:2787;78:2101;98:2575;118:8650;137:13113;157:10104;177:12655;196:20844;216:16641;236:4826;255:5912;275:12797;295:8830;314:5905;334:4587;354:9381;373:9831;393:5646;413:3224;432:4387;452:5271;472:3472;491:2447;511:2154;531:1179;550:2760;570:1913;590:1268;609:1439;629:1468;649:1192;668:812;688:645;708:811;727:772;747:647;767:515;786:592;806:696;826:502;845:411;865:250;885:269;904:346;924:268;944:214;963:195;983:168;1003:206;1022:159;1042:117;1062:51;1081:91;1101:136;1121:124;1140:79;1160:73;1180:96;1199:70;1219:59;1239:43;1258:58;1278:53;1298:47;1317:43;1337:30;1357:28;1376:41;1396:31;1416:27;1435:23;1455:25;1475:26;1494:16;1514:17;1534:7;1553:12;1573:21;"
latency_dist,latency_distribution,spinlock,4,0,4,10968816.33,317.27,271.00,681.00,1022.00,199.22,62.79,32906449,0.00,0.09,nan,nan,nan,-1,1,"p999=1633;hist_clip=p999;hist_overflow=196;gini=0.088297;os_perf=off;hist=20:244;40:1086;60:2833;80:2239;100:4008;120:11571;140:13697;161:9615;181:17117;201:21091;221:9719;241:4221;261:9623;282:11478;302:7278;322:4747;342:6498;362:10473;382:7592;403:3966;423:3684;443:5116;463:4069;483:2902;503:2262;524:2219;544:2767;564:1959;584:1410;604:1384;624:1453;645:1142;665:856;685:677;705:812;725:811;745:693;766:544;786:570;806:720;826:511;846:419;866:296;886:315;907:347;927:246;947:220;967:186;987:183;1007:232;1028:141;1048:123;1068:128;1088:121;1108:130;1128:80;1149:74;1169:91;1189:99;1209:75;1229:61;1249:50;1270:53;1290:53;1310:37;1330:35;1350:36;1370:30;1391:32;1411:27;1431:32;1451:33;1471:15;1491:23;1512:16;1532:24;1552:26;1572:20;1592:15;1612:23;"
latency_dist,latency_distribution,spinlock,4,0,5,11001076.00,316.82,271.00,681.00,1012.00,339.42,107.13,33003228,0.00,0.09,nan,nan,nan,-1,1,"p999=1603;hist_clip=p999;hist_overflow=197;gini=0.089546;os_perf=off;hist=20:100;39:443;59:2901;79:2117;99:2699;118:8790;138:13275;158:10344;178:12532;198:20807;217:16729;237:4941;257:5872;277:12376;297:8695;316:5881;336:4839;356:9155;376:9659;395:5585;415:3304;435:4571;455:4937;475:3305;494:2368;514:2102;534:2572;554:2465;574:1567;593:1310;613:1433;633:1376;653:942;672:699;692:764;712:909;732:815;752:460;771:522;791:625;811:598;831:472;851:279;870:272;890:287;910:376;930:273;950:222;969:176;989:179;1009:202;1029:172;1048:124;1068:108;1088:125;1108:122;1128:93;1147:72;1167:94;1187:93;1207:66;1227:43;1246:53;1266:55;1286:55;1306:48;1325:45;1345:28;1365:32;1385:31;1405:34;1424:32;1444:25;1464:24;1484:23;1504:21;1523:19;1543:15;1563:15;1583:14;"
latency_dist,latency_distribution,spinlock,4,0,6,11011714.33,317.22,271.00,662.00,992.00,520.35,164.04,33035143,0.00,0.09,nan,nan,nan,-1,1,"p999=1573;hist_clip=p999;hist_overflow=200;gini=0.089981;os_perf=off;hist=20:100;39:373;58:2784;78:2211;97:2719;117:8772;136:12998;155:10303;175:12595;194:20967;214:16720;233:4897;252:5868;272:12150;291:8792;311:4395;330:4748;350:5825;369:10551;388:7784;408:4010;427:3673;447:5288;466:4395;485:2852;505:2230;524:2232;544:2711;563:1984;582:1292;602:1317;621:1285;641:780;660:873;680:717;699:731;718:865;738:689;757:556;777:535;796:649;815:600;835:429;854:348;874:257;893:287;912:298;932:136;951:198;971:164;990:163;1010:160;1029:130;1048:103;1068:105;1087:131;1107:100;1126:93;1145:63;1165:73;1184:94;1204:79;1223:41;1242:50;1262:45;1281:61;1301:40;1320:47;1340:35;1359:35;1378:38;1398:28;1417:24;1437:16;1456:20;1475:24;1495:21;1514:14;1534:16;1553:18;"
latency_dist,latency_distribution,spinlock,4,0,7,10974942.33,318.25,271.00,672.00,1002.00,394.97,124.11,32924827,0.00,0.09,nan,nan,nan,-1,1,"p999=1613;hist_clip=p999;hist_overflow=199;gini=0.089579;os_perf=off;hist=20:104;39:401;59:2556;79:1932;99:2590;119:8453;139:13174;159:10129;179:12616;199:20966;219:16823;239:4836;258:5826;278:12833;298:8826;318:5973;338:4678;358:9234;378:9955;398:5500;418:3281;438:4570;458:5130;477:3483;497:2435;517:2123;537:2557;557:2408;577:1540;597:1350;617:1383;637:1445;657:1010;677:754;697:752;716:913;736:765;756:584;776:517;796:692;816:580;836:436;856:303;876:278;896:294;916:322;935:239;955:184;975:199;995:160;1015:189;1035:151;1055:104;1075:113;1095:121;1115:89;1135:67;1155:65;1174:79;1194:90;1214:51;1234:42;1254:45;1274:55;1294:55;1314:41;1334:41;1354:40;1374:45;1393:28;1413:28;1433:25;1453:18;1473:23;1493:17;1513:16;1533:11;1553:22;1573:22;1593:16;"
latency_dist,latency_distribution,mcs_lock,4,0,0,11979641.67,267.94,260.00,350.00,391.00,297.46,111.02,35938925,0.00,0.00,nan,nan,nan,-1,1,"p999=841;hist_clip=p999;hist_overflow=200;gini=0.004582;os_perf=off;hist=30:3;40:0;50:6;60:7;70:1;80:1;90:1;100:9;111:47;121:73;131:163;141:334;151:486;161:760;171:1664;182:3186;192:5769;202:9463;212:13603;222:16589;232:18741;242:20163;253:18963;263:17672;273:14701;283:12160;293:9776;303:8527;313:6845;323:5481;334:4631;344:3125;354:2170;364:1448;374:875;384:577;394:343;405:204;415:143;425:99;435:108;445:69;455:65;465:47;476:47;486:48;496:48;506:26;516:26;526:30;536:35;547:29;557:34;567:26;577:23;587:24;597:27;607:24;617:14;628:14;638:18;648:20;658:18;668:9;678:8;688:15;699:21;709:8;719:11;729:19;739:7;749:7;759:7;770:5;780:5;790:10;800:10;810:11;820:10;830:8;"
latency_dist,latency_distribution,mcs_lock,4,0,1,11933286.00,271.25,261.00,350.00,400.00,659.27,243.05,35799858,0.00,0.01,nan,nan,nan,-1,1,"p999=832;hist_clip=p999;hist_overflow=198;gini=0.005521;os_perf=off;hist=30:4;40:3;50:15;60:3;70:0;80:7;90:3;100:12;110:32;120:66;130:180;140:299;150:488;160:634;170:1345;180:2814;190:4587;200:7955;210:11195;220:14106;230:16576;240:18623;250:18729;260:17761;270:15722;280:13449;290:11377;300:9825;310:8329;320:6774;330:5352;340:4170;350:3023;360:2015;370:1283;380:813;390:493;400:288;410:211;420:139;431:179;441:60;451:64;461:48;471:50;481:44;491:38;501:41;511:40;521:21;531:36;541:24;551:32;561:16;571:20;581:21;591:22;601:22;611:31;621:15;631:20;641:29;651:23;661:14;671:16;681:19;691:27;701:12;711:13;721:14;731:7;741:12;751:5;761:10;771:14;781:13;791:4;801:4;811:10;821:12;"
latency_dist,latency_distribution,mcs_lock,4,0,2,11927747.33,269.34,261.00,351.00,401.00,315.46,117.12,35783242,0.00,0.01,nan,nan,nan,-1,1,"p999=792;hist_clip=p999;hist_overflow=198;gini=0.006309;os_perf=off;hist=40:4;49:1;58:3;68:8;77:0;87:8;96:11;105:16;115:58;124:115;134:201;143:414;152:838;162:1016;171:1460;181:3373;190:1431;199:6434;209:9582;218:12351;228:15429;237:17721;246:17900;256:17840;265:16524;275:14580;284:12474;293:10492;303:8901;312:7748;322:5996;331:1872;340:4504;350:2382;359:2509;369:1720;378:1120;387:696;397:440;406:279;416:182;425:130;434:109;444:78;453:54;463:59;472:38;481:48;491:3;500:38;510:47;519:30;528:32;538:38;547:35;557:29;566:26;575:36;585:25;594:28;604:29;613:21;622:27;632:18;641:5;651:14;660:13;669:16;679:15;688:21;698:18;707:5;716:8;726:6;735:12;745:12;754:11;763:10;773:13;782:12;"
latency_dist,latency_distribution,mcs_lock,4,0,3,11959639.33,271.15,261.00,341.00,401.00,698.09,257.45,35878918,0.00,0.01,nan,nan,nan,-1,1,"p999=862;hist_clip=p999;hist_overflow=194;gini=0.005059;os_perf=off;hist=30:3;40:0;50:7;61:2;71:0;82:3;92:4;102:11;113:37;123:67;134:185;144:321;154:332;165:616;175:1392;186:2864;196:4877;206:9049;217:12451;227:16684;238:18890;248:21850;258:19496;269:18469;279:15679;290:17449;300:9307;310:11795;321:5130;331:3978;342:2714;352:1808;362:1193;373:747;383:479;394:289;404:189;414:144;425:116;435:96;446:84;456:56;466:52;477:50;487:68;498:47;508:38;518:50;529:27;539:35;550:35;560:41;570:64;581:32;591:30;602:20;612:37;622:16;633:27;643:14;654:31;664:17;674:18;685:25;695:13;706:9;716:18;726:14;737:5;747:14;758:14;768:10;778:9;789:9;799:5;810:7;820:10;830:10;841:8;851:14;"
latency_dist,latency_distribution,mcs_lock,4,0,4,12023014.00,266.39,260.00,341.00,391.00,114.36,42.93,36069042,0.00,0.00,nan,nan,nan,-1,1,"p999=842;hist_clip=p999;hist_overflow=198;gini=0.004050;os_perf=off;hist=30:3;40:3;50:12;60:4;70:4;80:2;90:5;101:18;111:34;121:74;131:190;141:299;151:305;161:562;172:1410;182:3143;192:5493;202:10049;212:13828;222:17227;233:19082;243:21069;253:19694;263:18054;273:14664;283:11720;293:9727;304:8190;314:6591;324:5091;334:4223;344:2941;354:1915;364:1209;375:764;385:437;395:280;405:181;415:137;425:97;436:82;446:79;456:82;466:57;476:47;486:37;496:45;507:40;517:48;527:29;537:23;547:31;557:20;567:30;578:31;588:19;598:25;608:32;618:20;628:25;639:25;649:16;659:21;669:15;679:16;689:15;699:15;710:10;720:9;730:10;740:19;750:11;760:13;770:11;781:11;791:12;801:15;811:9;821:7;831:9;"
latency_dist,latency_distribution,mcs_lock,4,0,5,12003684.33,267.52,260.00,341.00,400.00,356.77,133.36,36011053,0.00,0.00,nan,nan,nan,-1,1,"p999=822;hist_clip=p999;hist_overflow=196;gini=0.003648;os_perf=off;hist=40:2;49:2;59:15;69:6;79:5;88:5;98:6;108:13;118:37;127:100;137:159;147:242;157:410;167:681;176:1619;186:3355;196:5781;206:9965;215:13861;225:17237;235:19117;245:20186;255:19101;264:17553;274:14325;284:11675;294:9804;303:8396;313:6597;323:5364;333:4427;343:3083;352:2143;362:1304;372:820;382:525;391:318;401:208;411:181;421:16;431:119;440:87;450:65;460:60;470:52;479:58;489:51;499:41;509:33;518:44;528:36;538:37;548:41;558:30;567:30;577:25;587:24;597:23;606:21;616:19;626:24;636:19;646:14;655:21;665:20;675:21;685:9;694:11;704:7;714:12;724:9;734:10;743:9;753:20;763:10;773:10;782:9;792:10;802:5;812:14;"
latency_dist,latency_distribution,mcs_lock,4,0,6,11985036.67,267.96,261.00,341.00,391.00,401.18,149.72,35955110,0.00,0.01,nan,nan,nan,-1,1,"p999=811;hist_clip=p999;hist_overflow=200;gini=0.005251;os_perf=off;hist=30:2;39:2;49:1;59:10;69:4;78:7;88:4;98:3;108:15;117:41;127:92;137:216;147:399;156:423;166:700;176:1576;186:3085;195:5312;205:9510;215:13093;225:16305;235:18642;244:20535;254:19562;264:18472;274:15180;283:12766;293:9972;303:8552;313:6647;322:5261;332:4174;342:2877;352:1949;361:1343;371:844;381:500;391:90;400:282;410:191;420:148;430:93;440:74;449:77;459:70;469:47;479:53;488:36;498:39;508:24;518:43;527:28;537:32;547:29;557:23;566:24;576:24;586:25;596:16;605:19;615:27;625:14;635:20;645:17;654:17;664:15;674:13;684:9;693:15;703:15;713:7;723:9;732:10;742:10;752:9;762:4;771:8;781:3;791:7;801:8;"
latency_dist,latency_distribution,mcs_lock,4,0,7,11925593.33,271.18,261.00,351.00,401.00,579.27,213.61,35776780,0.00,0.00,nan,nan,nan,-1,1,"p999=852;hist_clip=p999;hist_overflow=200;gini=0.004181;os_perf=off;hist=31:2;41:1;51:9;61:5;72:2;82:5;92:4;102:24;113:29;123:60;133:142;143:277;154:527;164:848;174:2008;184:4057;195:6509;205:9790;215:13282;225:16053;236:17733;246:18468;256:17815;267:16103;277:13873;287:11894;297:10198;308:8598;318:7694;328:6231;338:5196;349:3867;359:2649;369:1865;379:1349;390:682;400:392;410:280;420:237;431:90;441:93;451:68;462:54;472:44;482:41;492:37;503:41;513:45;523:32;533:39;544:29;554:35;564:35;574:20;585:21;595:29;605:21;615:17;626:17;636:18;646:21;657:14;667:18;677:13;687:10;698:11;708:12;718:16;728:2;739:11;749:10;759:5;769:10;780:8;790:9;800:8;810:13;821:5;831:5;841:15;"
latency_dist,latency_distribution,semaphore,4,0,0,10897644.33,306.91,140.00,1092.00,3046.00,620.99,202.34,32692933,0.00,0.04,nan,nan,nan,-1,1,"p999=5240;hist_clip=p999;hist_overflow=197;gini=0.044724;os_perf=off;hist=20:26594;85:87190;150:37495;215:6899;281:4463;346:4417;411:3495;476:3597;542:2796;607:2775;672:2035;737:1899;803:1525;868:1675;933:1286;998:1408;1064:1083;1129:954;1194:529;1259:412;1325:279;1390:210;1455:164;1520:260;1586:283;1651:319;1716:183;1781:183;1847:122;1912:135;1977:188;2042:309;2108:321;2173:326;2238:257;2303:291;2369:270;2434:214;2499:162;2564:188;2630:159;2695:96;2760:97;2825:86;2891:134;2956:143;3021:253;3086:225;3152:246;3217:171;3282:172;3347:129;3413:87;3478:54;3543:48;3608:36;3674:51;3739:32;3804:31;3869:31;3935:36;4000:35;4065:30;4130:26;4196:22;4261:13;4326:8;4391:13;4457:17;4522:17;4587:14;4652:14;4718:10;4783:12;4848:16;4913:11;4979:8;5044:7;5109:6;5174:16;"
latency_dist,latency_distribution,semaphore,4,0,1,10817300.33,310.06,140.00,1112.00,3085.00,676.80,218.28,32451901,0.00,0.04,nan,nan,nan,-1,1,"p999=5039;hist_clip=p999;hist_overflow=200;gini=0.041999;os_perf=off;hist=20:26616;82:80002;145:43149;208:7743;270:4495;333:3914;396:3633;459:3520;521:2823;584:2490;647:2049;710:2061;772:1464;835:1463;898:1374;961:1483;1023:1252;1086:1038;1149:841;1212:514;1274:380;1337:267;1400:199;1462:184;1525:229;1588:287;1651:317;1713:260;1776:205;1839:164;1902:148;1964:169;2027:229;2090:267;2153:358;2215:276;2278:260;2341:243;2404:236;2466:244;2529:182;2592:152;2654:167;2717:132;2780:82;2843:80;2905:91;2968:122;3031:179;3094:259;3156:219;3219:206;3282:161;3345:144;3407:95;3470:88;3533:66;3596:52;3658:36;3721:27;3784:33;3846:34;3909:23;3972:43;4035:33;4097:38;4160:27;4223:25;4286:18;4348:19;4411:10;4474:18;4537:18;4599:18;4662:9;4725:6;4788:13;4850:10;4913:13;4976:6;"
latency_dist,latency_distribution,semaphore,4,0,2,10768662.67,310.15,140.00,1112.00,3056.00,645.88,208.25,32305988,0.00,0.04,nan,nan,nan,-1,1,"p999=5190;hist_clip=p999;hist_overflow=199;gini=0.041042;os_perf=off;hist=20:26241;84:79631;149:45235;213:6595;278:4945;343:3812;407:3973;472:2982;537:3207;601:2460;666:2026;730:1908;795:1506;860:1638;924:1340;989:1461;1054:1146;1118:1052;1183:598;1247:442;1312:336;1377:246;1441:184;1506:192;1571:312;1635:287;1700:297;1764:169;1829:182;1894:113;1958:168;2023:296;2088:297;2152:386;2217:302;2281:306;2346:224;2411:249;2475:202;2540:178;2605:184;2669:123;2734:141;2798:90;2863:99;2928:91;2992:158;3057:188;3122:247;3186:170;3251:139;3315:154;3380:140;3445:100;3509:64;3574:76;3639:38;3703:37;3768:28;3832:26;3897:44;3962:30;4026:33;4091:31;4156:40;4220:26;4285:25;4349:18;4414:18;4479:13;4543:9;4608:12;4673:11;4737:11;4802:12;4866:13;4931:11;4996:7;5060:7;5125:13;"
latency_dist,latency_distribution,semaphore,4,0,3,10778168.67,311.29,140.00,1112.00,3036.00,707.78,227.37,32334506,0.00,0.04,nan,nan,nan,-1,1,"p999=5119;hist_clip=p999;hist_overflow=200;gini=0.040257;os_perf=off;hist=20:26450;83:80320;147:44502;211:6381;274:4056;338:4597;402:3623;466:2982;529:3244;593:2348;657:2285;721:1788;784:1580;848:1723;912:1299;976:1268;1039:1455;1103:981;1167:696;1231:541;1294:316;1358:244;1422:160;1485:164;1549:292;1613:288;1677:236;1740:249;1804:151;1868:122;1932:158;1995:211;2059:304;2123:370;2187:301;2250:315;2314:275;2378:275;2442:290;2505:227;2569:209;2633:171;2696:123;2760:83;2824:97;2888:80;2951:107;3015:189;3079:195;3143:237;3206:164;3270:169;3334:153;3398:74;3461:74;3525:76;3589:49;3653:38;3716:31;3780:37;3844:35;3907:34;3971:28;4035:33;4099:31;4162:26;4226:27;4290:14;4354:14;4417:19;4481:10;4545:14;4609:3;4672:10;4736:12;4800:18;4864:17;4927:13;4991:8;5055:11;"
latency_dist,latency_distribution,semaphore,4,0,4,10775405.00,313.74,140.00,1122.00,3075.01,733.70,233.85,32326215,0.00,0.04,nan,nan,nan,-1,1,"p999=5540;hist_clip=p999;hist_overflow=200;gini=0.041374;os_perf=off;hist=20:25844;89:89475;158:36948;227:6546;296:4761;365:4448;434:3794;503:3305;572:2605;641:2471;710:2096;779:1741;848:1708;917:1539;986:1433;1055:1412;1124:954;1193:616;1262:474;1331:315;1400:206;1469:169;1538:268;1607:370;1676:304;1745:229;1814:163;1883:159;1952:173;2021:283;2090:344;2159:359;2228:352;2297:307;2366:270;2435:290;2504:251;2573:228;2642:166;2711:125;2780:121;2849:86;2918:108;2987:130;3056:210;3125:250;3194:229;3263:168;3332:144;3401:117;3470:88;3539:80;3608:45;3677:49;3746:37;3815:34;3884:29;3953:37;4022:33;4091:39;4160:29;4229:28;4298:19;4367:20;4436:17;4505:7;4574:12;4643:9;4712:14;4781:13;4850:15;4919:17;4988:15;5057:12;5126:3;5195:14;5264:5;5333:7;5402:2;5471:7;"
latency_dist,latency_distribution,semaphore,4,0,5,10782156.00,311.16,140.00,1113.00,3056.00,556.54,178.86,32346468,0.00,0.04,nan,nan,nan,-1,1,"p999=5290;hist_clip=p999;hist_overflow=200;gini=0.041984;os_perf=off;hist=20:25969;85:89216;151:35880;217:7152;283:4185;349:4477;415:3876;481:3013;547:3183;612:2383;678:2252;744:1562;810:1731;876:1569;942:1326;1008:1466;1074:1116;1139:954;1205:500;1271:429;1337:303;1403:168;1469:181;1535:202;1601:320;1666:266;1732:282;1798:208;1864:161;1930:168;1996:217;2062:331;2128:348;2193:352;2259:350;2325:272;2391:284;2457:226;2523:236;2589:180;2655:161;2720:119;2786:83;2852:86;2918:86;2984:163;3050:206;3116:188;3182:213;3247:163;3313:171;3379:121;3445:111;3511:86;3577:52;3643:49;3709:28;3774:36;3840:31;3906:36;3972:22;4038:34;4104:34;4170:23;4236:25;4301:17;4367:15;4433:13;4499:7;4565:14;4631:8;4697:15;4763:17;4828:10;4894:12;4960:12;5026:13;5092:11;5158:6;5224:9;"
latency_dist,latency_distribution,semaphore,4,0,6,10781305.67,311.76,140.00,1122.00,3036.00,563.79,180.84,32343917,0.00,0.04,nan,nan,nan,-1,1,"p999=5401;hist_clip=p999;hist_overflow=200;gini=0.040812;os_perf=off;hist=20:25820;87:89453;154:37016;221:5883;289:4747;356:4479;423:3418;490:3454;558:3102;625:2654;692:1842;759:1818;827:1635;894:1368;961:1444;1028:1439;1096:1187;1163:652;1230:545;1297:360;1365:256;1432:178;1499:203;1567:312;1634:309;1701:318;1768:204;1836:173;1903:150;1970:210;2037:323;2105:298;2172:381;2239:323;2306:289;2374:304;2441:257;2508:264;2575:168;2643:167;2710:142;2777:116;2845:108;2912:114;2979:158;3046:160;3114:232;3181:195;3248:172;3315:152;3383:119;3450:95;3517:67;3584:75;3652:48;3719:31;3786:24;3853:30;3921:33;3988:35;4055:34;4123:32;4190:18;4257:22;4324:16;4392:14;4459:14;4526:22;4593:16;4661:11;4728:18;4795:7;4862:10;4930:10;4997:11;5064:9;5131:11;5199:5;5266:3;5333:8;"
latency_dist,latency_distribution,semaphore,4,0,7,10797411.67,311.04,140.00,1132.00,3055.00,558.19,179.46,32392235,0.00,0.04,nan,nan,nan,-1,1,"p999=5269;hist_clip=p999;hist_overflow=200;gini=0.039964;os_perf=off;hist=20:26309;85:89850;151:35333;216:6879;282:4127;348:4428;413:3423;479:3418;544:2742;610:2682;676:2067;741:1728;807:1654;872:1421;938:1579;1004:1233;1069:1318;1135:910;1201:639;1266:434;1332:287;1397:240;1463:165;1529:236;1594:293;1660:345;1725:223;1791:224;1857:137;1922:144;1988:222;2053:295;2119:382;2185:302;2250:337;2316:250;2382:301;2447:231;2513:244;2578:190;2644:179;2710:135;2775:95;2841:95;2906:95;2972:151;3038:162;3103:223;3169:203;3235:191;3300:154;3366:135;3431:102;3497:87;3563:69;3628:66;3694:33;3759:24;3825:30;3891:29;3956:21;4022:29;4087:27;4153:36;4219:19;4284:17;4350:16;4416:15;4481:15;4547:12;4612:12;4678:12;4744:12;4809:15;4875:11;4940:10;5006:12;5072:7;5137:12;5203:10;"
latency_dist,latency_distribution,mutex,8,0,0,8167769.67,921.96,280.00,3757.00,6091.00,1383.56,150.07,24503309,0.00,0.07,nan,nan,nan,-1,1,"p999=10340;hist_clip=p999;hist_overflow=399;gini=0.066980;os_perf=off;hist=20:167164;149:32735;278:15295;407:9820;536:9081;665:10455;794:11831;923:11682;1052:13104;1181:13847;1310:14107;1439:13672;1568:11962;1697:9473;1826:6884;1955:4575;2084:3510;2213:2514;2342:1977;2471:1710;2600:1527;2729:1487;2858:1591;2987:1530;3116:1667;3245:1795;3374:1744;3503:1743;3632:1634;3761:1505;3890:1387;4019:1279;4148:1265;4277:1213;4406:1157;4535:1073;4664:967;4793:934;4922:918;5051:736;5180:657;5309:624;5438:528;5567:484;5696:400;5825:395;5954:343;6083:293;6212:249;6341:238;6470:183;6599:205;6728:183;6857:160;6986:151;7115:135;7244:153;7373:126;7502:131;7631:125;7760:111;7889:111;8018:106;8147:78;8276:104;8405:77;8534:69;8663:86;8792:76;8921:75;9050:70;9179:47;9308:46;9437:41;9566:35;9695:38;9824:39;9953:29;10082:21;10211:29;"
latency_dist,latency_distribution,mutex,8,0,1,8196681.00,921.49,280.00,3747.00,6111.00,1499.31,162.70,24590043,0.00,0.06,nan,nan,nan,-1,2,"p999=10499;hist_clip=p999;hist_overflow=400;gini=0.064850;os_perf=off;hist=20:170545;150:30463;281:15185;412:9922;543:9423;674:10697;805:11977;936:12638;1067:13114;1198:13807;1329:14251;1460:13311;1591:11368;1722:9326;1853:6729;1984:4409;2115:3131;2246:2320;2377:1731;2508:1615;2639:1484;2770:1560;2901:1569;3032:1699;3163:1695;3294:1805;3425:1818;3556:1698;3687:1589;3818:1488;3949:1435;4080:1247;4211:1215;4342:1179;4473:1147;4604:1034;4735:978;4866:903;4997:823;5128:719;5259:652;5390:522;5521:492;5652:445;5783:389;5914:326;6045:289;6176:268;6307:249;6438:227;6569:160;6700:175;6831:178;6962:168;7093:144;7224:132;7355:151;7486:149;7617:139;7748:108;7879:108;8010:111;8141:96;8272:88;8403:75;8534:79;8665:66;8796:75;8927:55;9058:48;9189:45;9320:51;9451:59;9582:46;9713:31;9844:37;9975:36;10106:26;10237:28;10368:30;"
latency_dist,latency_distribution,mutex,8,0,2,8188755.33,920.07,280.00,3717.50,6072.00,1481.52,161.02,24566266,0.00,0.06,nan,nan,nan,-1,1,"p999=10480;hist_clip=p999;hist_overflow=398;gini=0.064848;os_perf=off;hist=20:170312;150:30632;281:14989;412:10080;543:9371;673:10853;804:12014;935:12681;1066:13129;1196:13745;1327:14325;1458:13421;1589:11381;1719:8916;1850:6542;1981:4502;2112:3063;2242:2301;2373:1910;2504:1628;2635:1584;2765:1541;2896:1724;3027:1765;3158:1779;3288:1837;3419:1812;3550:1710;3681:1547;3811:1526;3942:1316;4073:1342;4204:1211;4334:1076;4465:1134;4596:1013;4727:945;4857:844;4988:848;5119:714;5250:585;5380:558;5511:522;5642:429;5773:399;5903:347;6034:288;6165:264;6296:213;6426:229;6557:187;6688:190;6819:160;6949:150;7080:124;7211:135;7342:151;7472:117;7603:128;7734:104;7865:96;7995:100;8126:96;8257:91;8388:95;8518:90;8649:63;8780:76;8911:62;9041:66;9172:50;9303:59;9434:58;9564:43;9695:38;9826:43;9957:35;10087:30;10218:39;10349:29;"
latency_dist,latency_distribution,mutex,8,0,3,8204761.67,919.59,271.00,3737.00,6131.00,1442.57,156.87,24614285,0.00,0.07,nan,nan,nan,-1,1,"p999=10520;hist_clip=p999;hist_overflow=400;gini=0.066052;os_perf=off;hist=20:171901;151:29630;282:14821;413:9708;545:9458;676:10671;807:12137;938:12783;1070:13235;1201:14467;1332:14554;1463:13131;1595:11449;1726:8762;1857:6295;1988:4260;2120:2963;2251:2215;2382:1817;2513:1682;2645:1586;2776:1577;2907:1674;3038:1722;3170:1705;3301:1795;3432:1786;3563:1614;3695:1651;3826:1560;3957:1383;4088:1288;4220:1179;4351:1133;4482:1100;4613:1017;4745:950;4876:890;5007:796;5138:709;5270:671;5401:487;5532:481;5663:427;5795:355;5926:352;6057:296;6188:262;6320:223;6451:202;6582:190;6713:168;6845:173;6976:164;7107:166;7238:134;7370:147;7501:150;7632:113;7763:125;7895:124;8026:115;8157:115;8288:100;8420:88;8551:64;8682:60;8813:78;8945:61;9076:62;9207:50;9338:39;9470:40;9601:40;9732:53;9863:36;9995:34;10126:30;10257:35;10388:36;"
latency_dist,latency_distribution,mutex,8,0,4,8206826.67,918.21,280.00,3717.00,6101.00,1448.29,157.73,24620480,0.00,0.06,nan,nan,nan,-1,2,"p999=10460;hist_clip=p999;hist_overflow=400;gini=0.064378;os_perf=off;hist=20:170481;150:29824;281:15604;411:9849;542:9356;672:10838;803:12127;933:12909;1064:13215;1194:13887;1325:14397;1455:13577;1586:11358;1716:8850;1847:6291;1977:4468;2108:3130;2238:2265;2369:1850;2499:1664;2630:1490;2760:1530;2891:1668;3021:1719;3152:1815;3282:1793;3413:1744;3543:1661;3674:1647;3804:1540;3935:1354;4065:1311;4196:1186;4326:1151;4457:1113;4587:1027;4718:1002;4848:893;4979:782;5109:662;5240:634;5370:543;5501:499;5631:408;5762:368;5892:351;6023:299;6153:257;6284:227;6414:189;6545:189;6675:200;6806:187;6936:150;7067:176;7197:123;7328:147;7458:120;7589:119;7719:106;7850:107;7980:100;8111:99;8241:92;8372:88;8502:79;8633:68;8763:72;8894:71;9024:74;9155:62;9285:71;9416:55;9546:34;9677:45;9807:35;9938:43;10068:33;10199:29;10329:23;"
latency_dist,latency_distribution,mutex,8,0,5,8185500.67,924.15,281.00,3757.00,6091.00,1472.03,159.28,24556502,0.00,0.07,nan,nan,nan,-1,2,"p999=10259;hist_clip=p999;hist_overflow=399;gini=0.065066;os_perf=off;hist=20:166548;147:32617;275:15228;403:10164;531:8532;659:10319;787:11899;915:12535;1043:12248;1171:13792;1299:14344;1427:13728;1555:11966;1683:9258;1811:7033;1939:5254;2067:3585;2195:2229;2323:1969;2451:1697;2579:1609;2707:1505;2835:1432;2963:1661;3091:1726;3219:1766;3347:1633;3475:1751;3603:1698;3731:1631;3859:1436;3987:1325;4115:1284;4243:1329;4371:1186;4499:1000;4627:1014;4755:969;4883:844;5011:750;5139:660;5267:609;5395:557;5523:445;5651:405;5779:368;5907:337;6035:266;6163:260;6291:217;6419:214;6547:182;6675:175;6803:174;6931:148;7059:158;7187:155;7315:116;7443:134;7571:126;7699:129;7827:116;7955:110;8083:103;8211:107;8339:88;8467:78;8595:67;8723:78;8851:68;8979:61;9107:58;9235:67;9363:49;9491:59;9619:30;9747:32;9875:31;10003:36;10131:34;"
latency_dist,latency_distribution,mutex,8,0,6,8135261.00,926.72,281.00,3757.00,6131.00,2538.95,273.97,24405783,0.00,0.06,nan,nan,nan,-1,1,"p999=10469;hist_clip=p999;hist_overflow=400;gini=0.064807;os_perf=off;hist=20:169254;150:31348;281:15041;411:10042;542:9374;673:10767;803:11843;934:12520;1064:13273;1195:13875;1326:14275;1456:13164;1587:11463;1717:9116;1848:6460;1979:4765;2109:3200;2240:2369;2371:1948;2501:1605;2632:1547;2762:1525;2893:1567;3024:1629;3154:1790;3285:1723;3415:1813;3546:1734;3677:1583;3807:1566;3938:1469;4068:1330;4199:1224;4330:1193;4460:1099;4591:1033;4722:1002;4852:892;4983:822;5113:717;5244:594;5375:550;5505:518;5636:425;5766:373;5897:343;6028:301;6158:268;6289:253;6420:217;6550:194;6681:185;6811:182;6942:180;7073:144;7203:152;7334:144;7464:139;7595:124;7726:109;7856:125;7987:115;8117:89;8248:102;8379:89;8509:70;8640:68;8771:63;8901:69;9032:52;9162:53;9293:57;9424:60;9554:37;9685:31;9815:40;9946:33;10077:28;10207:38;10338:26;"
latency_dist,latency_distribution,mutex,8,0,7,8176548.67,923.88,280.00,3757.00,6151.00,1506.24,163.03,24529646,0.00,0.07,nan,nan,nan,-1,1,"p999=10440;hist_clip=p999;hist_overflow=400;gini=0.066124;os_perf=off;hist=20:170181;150:29902;280:14944;410:10019;541:9902;671:10400;801:11836;931:12618;1062:13910;1192:13479;1322:14064;1452:13302;1583:12188;1713:8804;1843:6597;1973:4497;2104:3241;2234:2228;2364:1849;2494:1661;2625:1622;2755:1475;2885:1553;3015:1600;3146:1904;3276:1717;3406:1715;3536:1671;3667:1670;3797:1475;3927:1362;4057:1340;4188:1268;4318:1210;4448:1099;4578:1045;4709:1046;4839:896;4969:815;5099:725;5230:664;5360:529;5490:462;5620:463;5751:409;5881:324;6011:303;6141:272;6272:224;6402:213;6532:206;6662:183;6793:181;6923:147;7053:153;7183:131;7314:162;7444:132;7574:115;7704:132;7835:113;7965:130;8095:108;8225:83;8356:101;8486:96;8616:64;8746:75;8877:88;9007:51;9137:60;9267:59;9398:56;9528:44;9658:44;9788:48;9919:46;10049:39;10179:27;10309:33;"
latency_dist,latency_distribution,spinlock,8,0,0,5729116.67,1999.01,1542.00,5490.00,8486.00,1925.74,96.33,17187350,0.00,0.28,nan,nan,nan,-1,1,"p999=12944;hist_clip=p999;hist_overflow=398;gini=0.277633;os_perf=off;hist=20:7191;181:31937;343:37445;504:36517;666:27836;827:18937;989:13642;1150:11668;1312:10741;1473:10562;1635:11262;1797:12230;1958:13070;2120:13672;2281:13168;2443:13109;2604:12861;2766:11094;2927:10138;3089:8973;3251:7679;3412:6775;3574:5799;3735:5280;3897:4531;4058:4026;4220:3454;4381:3085;4543:2830;4704:2504;4866:2290;5028:2143;5189:2008;5351:1841;5512:1605;5674:1530;5835:1373;5997:1231;6158:1237;6320:1134;6482:1078;6643:860;6805:831;6966:713;7128:686;7289:621;7451:519;7612:528;7774:468;7935:424;8097:379;8259:352;8420:347;8582:280;8743:304;8905:267;9066:239;9228:192;9389:199;9551:172;9713:170;9874:164;10036:132;10197:149;10359:132;10520:112;10682:112;10843:84;11005:80;11166:89;11328:72;11490:67;11651:58;11813:69;11974:53;12136:46;12297:36;12459:32;12620:41;12782:37;"
latency_dist,latency_distribution,spinlock,8,0,1,5422074.33,1930.54,1533.00,5361.00,8637.00,1932.98,100.13,16266223,0.00,0.24,nan,nan,nan,-1,1,"p999=14106;hist_clip=p999;hist_overflow=400;gini=0.242640;os_perf=off;hist=20:11963;196:40069;372:42931;548:31794;724:17899;900:14402;1076:13837;1252:16450;1428:18432;1604:18000;1780:18982;1956:16807;2132:16353;2308:14604;2485:11988;2661:11032;2837:9209;3013:8160;3189:6802;3365:6233;3541:5376;3717:4464;3893:4150;4069:3509;4245:3453;4421:2908;4597:2794;4774:2476;4950:2187;5126:2118;5302:1728;5478:1615;5654:1411;5830:1433;6006:1227;6182:1060;6358:1025;6534:913;6710:856;6886:734;7063:753;7239:640;7415:580;7591:550;7767:490;7943:474;8119:406;8295:385;8471:363;8647:307;8823:303;8999:259;9175:236;9351:210;9528:209;9704:187;9880:155;10056:160;10232:141;10408:140;10584:142;10760:119;10936:97;11112:88;11288:107;11464:70;11640:78;11817:62;11993:83;12169:57;12345:46;12521:45;12697:37;12873:34;13049:40;13225:39;13401:28;13577:32;13753:39;13929:25;"
latency_dist,latency_distribution,spinlock,8,0,2,5727788.33,1990.45,1523.00,5470.00,8366.00,1925.43,96.73,17183365,0.00,0.28,nan,nan,nan,-1,1,"p999=12774;hist_clip=p999;hist_overflow=400;gini=0.275503;os_perf=off;hist=20:6741;179:31875;338:36984;498:36649;657:27908;817:19362;976:13876;1135:11329;1295:10786;1454:10583;1614:11095;1773:11826;1933:12173;2092:13417;2251:13451;2411:13202;2570:12334;2730:11274;2889:10239;3049:9016;3208:7932;3367:6998;3527:5714;3686:5317;3846:4641;4005:4057;4165:3621;4324:3246;4483:2852;4643:2693;4802:2425;4962:2244;5121:2015;5281:1868;5440:1604;5599:1599;5759:1452;5918:1327;6078:1265;6237:1040;6397:1026;6556:961;6715:869;6875:786;7034:730;7194:597;7353:543;7512:555;7672:481;7831:460;7991:415;8150:418;8310:346;8469:342;8628:282;8788:257;8947:235;9107:184;9266:194;9426:191;9585:169;9744:141;9904:146;10063:138;10223:123;10382:118;10542:84;10701:95;10860:92;11020:80;11179:84;11339:72;11498:60;11658:43;11817:47;11976:53;12136:51;12295:35;12455:36;12614:31;"
latency_dist,latency_distribution,spinlock,8,0,3,5428484.00,1930.23,1532.00,5350.00,8677.00,1990.99,103.15,16285452,0.00,0.24,nan,nan,nan,-1,2,"p999=14137;hist_clip=p999;hist_overflow=399;gini=0.241518;os_perf=off;hist=20:12055;196:40531;372:43186;549:31232;725:18798;902:13224;1078:14418;1255:16230;1431:18569;1608:18794;1784:17431;1961:17995;2137:15989;2314:14113;2490:12521;2666:10562;2843:9369;3019:8164;3196:6629;3372:6257;3549:5154;3725:4828;3902:4200;4078:3579;4255:3467;4431:2965;4608:2715;4784:2514;4960:2126;5137:1995;5313:1769;5490:1593;5666:1461;5843:1270;6019:1288;6196:1120;6372:988;6549:974;6725:780;6902:755;7078:682;7254:602;7431:572;7607:532;7784:465;7960:472;8137:369;8313:352;8490:327;8666:348;8843:268;9019:277;9196:208;9372:209;9548:221;9725:171;9901:151;10078:165;10254:141;10431:111;10607:112;10784:129;10960:110;11137:104;11313:84;11490:97;11666:79;11842:64;12019:68;12195:63;12372:79;12548:45;12725:49;12901:46;13078:32;13254:42;13431:47;13607:37;13784:35;13960:28;"
latency_dist,latency_distribution,spinlock,8,0,4,5746212.67,1994.20,1533.00,5470.00,8426.00,1946.80,97.62,17238638,0.00,0.28,nan,nan,nan,-1,1,"p999=12974;hist_clip=p999;hist_overflow=400;gini=0.276601;os_perf=off;hist=20:7625;181:32744;343:37100;505:36417;667:27492;829:18773;991:14216;1153:11235;1315:10662;1477:10608;1639:11227;1801:12370;1963:13645;2125:13563;2286:13652;2448:12899;2610:12318;2772:11044;2934:10445;3096:8625;3258:7613;3420:6655;3582:5847;3744:4922;3906:4758;4068:3975;4230:3422;4391:3033;4553:2796;4715:2525;4877:2435;5039:2165;5201:1962;5363:1847;5525:1698;5687:1504;5849:1426;6011:1270;6173:1157;6335:1015;6497:979;6658:809;6820:773;6982:766;7144:702;7306:569;7468:582;7630:522;7792:458;7954:444;8116:398;8278:334;8440:326;8602:316;8763:248;8925:215;9087:218;9249:236;9411:197;9573:189;9735:171;9897:169;10059:132;10221:118;10383:128;10545:123;10707:89;10868:92;11030:80;11192:76;11354:61;11516:67;11678:60;11840:50;12002:50;12164:36;12326:36;12488:38;12650:34;12812:24;"
latency_dist,latency_distribution,spinlock,8,0,5,5400184.67,1924.14,1533.00,5300.00,8526.00,1924.58,100.02,16200554,0.00,0.24,nan,nan,nan,-1,1,"p999=13796;hist_clip=p999;hist_overflow=399;gini=0.238561;os_perf=off;hist=20:11436;192:37187;364:43778;536:30651;708:19402;881:14761;1053:13109;1225:15717;1397:17317;1569:17723;1742:18597;1914:17123;2086:15840;2258:14495;2430:12806;2603:11815;2775:9950;2947:8300;3119:7156;3291:6177;3464:5684;3636:5085;3808:4270;3980:3858;4152:3449;4325:3180;4497:2956;4669:2542;4841:2265;5013:2082;5186:1860;5358:1722;5530:1603;5702:1376;5874:1284;6047:1145;6219:992;6391:1019;6563:803;6735:791;6908:685;7080:664;7252:618;7424:532;7596:511;7768:420;7941:410;8113:370;8285:369;8457:286;8630:314;8802:292;8974:270;9146:224;9318:209;9491:204;9663:163;9835:167;10007:159;10179:128;10352:110;10524:112;10696:123;10868:107;11040:93;11213:68;11385:76;11557:80;11729:65;11901:67;12074:61;12246:45;12418:40;12590:47;12762:47;12935:40;13107:37;13279:28;13451:21;13623:33;"
latency_dist,latency_distribution,spinlock,8,0,6,5744788.33,1995.52,1533.00,5470.00,8385.01,1951.46,97.79,17234365,0.00,0.28,nan,nan,nan,-1,1,"p999=12894;hist_clip=p999;hist_overflow=398;gini=0.276053;os_perf=off;hist=20:7233;180:32649;341:36849;502:37113;663:27685;824:18808;985:13626;1146:11100;1307:10718;1468:10367;1629:11200;1790:12051;1951:12843;2112:13500;2272:13473;2433:13253;2594:12826;2755:11231;2916:9942;3077:8939;3238:7752;3399:6854;3560:5855;3721:5056;3882:4549;4043:3934;4204:3563;4364:3164;4525:3028;4686:2584;4847:2427;5008:2143;5169:2141;5330:1808;5491:1631;5652:1530;5813:1401;5974:1346;6135:1160;6296:1069;6457:980;6617:934;6778:814;6939:748;7100:669;7261:652;7422:546;7583:553;7744:499;7905:428;8066:416;8227:372;8388:347;8549:316;8709:295;8870:241;9031:242;9192:217;9353:183;9514:178;9675:137;9836:126;9997:123;10158:132;10319:125;10480:106;10641:89;10801:93;10962:84;11123:80;11284:62;11445:67;11606:66;11767:54;11928:41;12089:47;12250:46;12411:34;12572:26;12733:33;"
latency_dist,latency_distribution,spinlock,8,0,7,5407979.67,1933.86,1533.00,5360.00,8566.00,1928.24,99.71,16223939,0.00,0.24,nan,nan,nan,-1,1,"p999=13926;hist_clip=p999;hist_overflow=400;gini=0.240537;os_perf=off;hist=20:12017;193:37078;367:46674;541:29287;715:18238;889:14609;1062:13401;1236:15748;1410:18356;1584:17687;1758:17529;1932:17714;2105:15708;2279:14318;2453:13195;2627:10757;2801:9641;2975:8504;3148:6986;3322:6247;3496:5505;3670:4716;3844:4341;4017:3883;4191:3438;4365:3222;4539:2875;4713:2468;4887:2435;5060:1985;5234:1940;5408:1789;5582:1494;5756:1371;5930:1298;6103:1103;6277:998;6451:963;6625:826;6799:830;6973:749;7146:647;7320:600;7494:564;7668:505;7842:486;8015:462;8189:369;8363:393;8537:309;8711:310;8885:273;9058:268;9232:211;9406:188;9580:194;9754:185;9928:187;10101:143;10275:114;10449:107;10623:119;10797:101;10970:99;11144:80;11318:81;11492:65;11666:72;11840:65;12013:65;12187:65;12361:66;12535:45;12709:48;12883:32;13056:37;13230:32;13404:36;13578:33;13752:21;"
latency_dist,latency_distribution,mcs_lock,8,0,0,11165399.00,648.01,641.00,721.00,762.00,700.99,108.18,33496197,0.00,0.00,nan,nan,nan,-1,2,"p999=1663;hist_clip=p999;hist_overflow=398;gini=0.001217;os_perf=off;hist=290:1;307:0;324:0;341:0;358:1;375:7;392:11;410:26;427:70;444:251;461:251;478:990;495:2346;513:2318;530:7634;547:14935;564:24728;581:19310;598:47004;616:59236;633:32499;650:62957;667:52416;684:30709;701:16950;719:14173;736:6086;753:1509;770:1440;787:572;804:276;822:81;839:128;856:107;873:37;890:72;907:58;925:43;942:22;959:26;976:19;993:5;1010:22;1027:9;1045:9;1062:3;1079:4;1096:11;1113:6;1130:5;1148:9;1165:12;1182:4;1199:7;1216:9;1233:4;1251:8;1268:12;1285:12;1302:7;1319:9;1336:8;1354:5;1371:6;1388:13;1405:6;1422:10;1439:7;1457:14;1474:4;1491:6;1508:9;1525:2;1542:7;1560:5;1577:8;1594:2;1611:7;1628:7;1645:10;"
latency_dist,latency_distribution,mcs_lock,8,0,1,11085497.67,651.64,651.00,731.00,771.00,687.05,105.43,33256493,0.00,0.00,nan,nan,nan,-1,1,"p999=1603;hist_clip=p999;hist_overflow=396;gini=0.001216;os_perf=off;hist=371:3;386:12;401:11;417:61;432:63;448:232;463:228;478:933;494:833;509:3135;525:2687;540:9375;555:17036;571:14209;586:34313;602:26111;617:57369;632:31697;648:63535;663:28903;679:47738;694:17594;709:23323;725:6876;740:7681;756:2462;771:1206;786:717;802:161;817:237;833:72;848:124;863:49;879:89;894:37;910:62;925:18;940:43;956:23;971:22;987:23;1002:9;1017:14;1033:10;1048:8;1064:5;1079:2;1094:4;1110:6;1125:2;1141:7;1156:4;1171:16;1187:13;1202:8;1218:13;1233:8;1248:14;1264:5;1279:10;1295:6;1310:3;1325:5;1341:12;1356:7;1372:14;1387:6;1402:6;1418:8;1433:5;1449:12;1464:5;1479:9;1495:4;1510:14;1526:3;1541:7;1556:3;1572:6;1587:8;"
latency_dist,latency_distribution,mcs_lock,8,0,2,11111911.00,651.62,642.00,722.00,762.00,786.48,120.70,33335733,0.00,0.00,nan,nan,nan,-1,1,"p999=1593;hist_clip=p999;hist_overflow=399;gini=0.001016;os_perf=off;hist=231:1;248:0;265:1;282:0;299:0;316:1;333:1;350:2;367:4;384:7;401:17;418:44;435:112;452:118;469:516;486:1249;503:1208;520:4527;537:9851;554:17900;571:14614;588:37548;605:52172;622:29717;639:65126;656:60472;673:26010;690:38481;707:21924;724:8660;741:4271;758:2581;775:954;792:233;809:272;826:206;843:50;860:95;877:95;894:36;912:57;929:56;946:44;963:23;980:33;997:20;1014:8;1031:19;1048:19;1065:5;1082:1;1099:4;1116:7;1133:5;1150:9;1167:10;1184:8;1201:14;1218:9;1235:7;1252:7;1269:10;1286:10;1303:4;1320:15;1337:6;1354:5;1371:12;1388:14;1405:4;1422:6;1439:10;1456:6;1473:4;1490:11;1507:6;1524:3;1541:14;1558:8;1575:12;"
latency_dist,latency_distribution,mcs_lock,8,0,3,11035995.33,652.70,651.00,731.00,772.00,479.85,73.52,33107986,0.00,0.00,nan,nan,nan,-1,1,"p999=1633;hist_clip=p999;hist_overflow=399;gini=0.001083;os_perf=off;hist=331:1;347:0;363:0;379:5;396:19;412:19;428:85;444:222;461:233;477:870;493:811;510:3046;526:6262;542:5118;558:16674;575:25827;591:21017;607:49042;623:28971;640:63465;656:61370;672:26926;689:41585;705:21424;721:11430;737:8665;754:2111;770:2214;786:858;802:214;819:241;835:100;851:101;868:90;884:34;900:68;916:42;933:26;949:47;965:22;982:21;998:17;1014:8;1030:20;1047:11;1063:8;1079:5;1095:3;1112:8;1128:1;1144:5;1161:8;1177:5;1193:7;1209:9;1226:9;1242:8;1258:13;1274:11;1291:9;1307:14;1323:9;1340:12;1356:8;1372:8;1388:11;1405:8;1421:9;1437:9;1453:2;1470:8;1486:4;1502:12;1519:9;1535:5;1551:5;1567:8;1584:1;1600:12;1616:6;"
latency_dist,latency_distribution,mcs_lock,8,0,4,11116041.00,653.23,642.00,722.00,771.00,940.20,143.93,33348123,0.00,0.00,nan,nan,nan,-1,2,"p999=1613;hist_clip=p999;hist_overflow=397;gini=0.001179;os_perf=off;hist=340:3;355:1;371:2;387:14;403:12;419:45;435:133;451:120;467:566;483:546;499:2150;515:2016;530:7233;546:14153;562:10568;578:30969;594:20901;610:51620;626:60884;642:31634;658:59981;674:25836;690:38404;705:19281;721:9924;737:7171;753:1751;769:1746;785:519;801:311;817:232;833:88;849:125;865:58;881:84;896:57;912:24;928:57;944:25;960:32;976:30;992:15;1008:19;1024:6;1040:16;1056:10;1071:12;1087:10;1103:2;1119:10;1135:8;1151:4;1167:11;1183:1;1199:9;1215:4;1231:12;1247:8;1262:5;1278:10;1294:1;1310:5;1326:6;1342:11;1358:7;1374:4;1390:10;1406:3;1422:10;1437:7;1453:5;1469:8;1485:3;1501:11;1517:6;1533:4;1549:7;1565:2;1581:9;1597:6;"
latency_dist,latency_distribution,mcs_lock,8,0,5,11031834.00,654.43,651.00,731.00,771.00,684.04,104.53,33095502,0.00,0.00,nan,nan,nan,-1,2,"p999=1573;hist_clip=p999;hist_overflow=399;gini=0.001380;os_perf=off;hist=350:2;365:2;380:7;395:20;411:23;426:89;441:98;457:366;472:320;487:1279;502:1101;518:4034;533:3559;548:11638;564:9000;579:27190;594:19179;609:49036;625:29227;640:65163;655:55277;671:35154;686:35483;701:20116;716:17931;732:4995;747:5124;762:1216;778:1214;793:292;808:337;823:139;839:190;854:73;869:104;885:45;900:73;915:44;930:68;946:25;961:38;976:33;992:17;1007:27;1022:8;1037:16;1053:5;1068:10;1083:3;1099:5;1114:6;1129:4;1144:2;1160:3;1175:2;1190:10;1206:3;1221:7;1236:8;1251:7;1267:4;1282:6;1297:8;1313:5;1328:10;1343:3;1358:11;1374:5;1389:10;1404:9;1420:10;1435:2;1450:12;1465:3;1481:12;1496:5;1511:7;1527:5;1542:12;1557:15;"
latency_dist,latency_distribution,mcs_lock,8,0,6,11113144.67,651.07,642.00,722.00,762.00,718.90,110.42,33339434,0.00,0.00,nan,nan,nan,-1,2,"p999=1593;hist_clip=p999;hist_overflow=398;gini=0.001202;os_perf=off;hist=351:3;366:0;382:4;397:20;413:16;428:84;444:90;459:327;475:380;490:1336;506:3223;521:2781;537:9798;552:7851;568:24049;583:16786;599:44476;614:27883;630:61601;645:55938;661:36828;677:47757;692:17613;708:22390;723:6456;739:6972;754:1617;770:1630;785:495;801:248;816:165;832:67;847:93;863:53;878:83;894:22;909:51;925:21;940:35;956:14;972:20;987:17;1003:9;1018:22;1034:6;1049:15;1065:2;1080:12;1096:2;1111:5;1127:7;1142:4;1158:5;1173:4;1189:10;1204:3;1220:9;1235:5;1251:15;1266:11;1282:4;1298:11;1313:3;1329:10;1344:8;1360:8;1375:3;1391:16;1406:9;1422:11;1437:12;1453:4;1468:10;1484:6;1499:13;1515:2;1530:9;1546:4;1561:8;1577:12;"
latency_dist,latency_distribution,mcs_lock,8,0,7,11052764.67,651.15,651.00,731.00,762.00,404.35,62.10,33158294,0.00,0.00,nan,nan,nan,-1,2,"p999=1593;hist_clip=p999;hist_overflow=399;gini=0.001114;os_perf=off;hist=371:3;386:12;401:13;416:40;432:45;447:185;462:198;477:770;493:769;508:2811;523:2487;539:8753;554:7105;569:22060;584:15364;600:42222;615:26915;630:61601;645:57104;661:38198;676:42997;691:25674;707:24276;722:7053;737:7532;752:1860;768:1765;783:341;798:402;813:127;829:166;844:72;859:86;875:37;890:77;905:30;920:53;936:30;951:46;966:17;982:30;997:19;1012:6;1027:11;1043:6;1058:10;1073:7;1088:8;1104:1;1119:6;1134:6;1150:12;1165:4;1180:5;1195:2;1211:4;1226:7;1241:9;1256:6;1272:2;1287:10;1302:11;1318:10;1333:5;1348:7;1363:2;1379:9;1394:4;1409:11;1424:4;1440:5;1455:2;1470:14;1486:6;1501:15;1516:1;1531:7;1547:4;1562:8;1577:9;"
latency_dist,latency_distribution,semaphore,8,0,0,6157608.00,1232.44,821.00,4258.00,6683.00,1671.42,135.62,18472824,0.00,0.04,nan,nan,nan,-1,2,"p999=10901;hist_clip=p999;hist_overflow=398;gini=0.036528;os_perf=off;hist=20:28293;156:101253;292:19019;428:15025;564:17533;700:21707;836:20769;972:17332;1108:18481;1244:17255;1380:17954;1516:14510;1652:13153;1788:10406;1924:7002;2060:5385;2196:3572;2332:2946;2468:2320;2604:2102;2740:1916;2876:1900;3012:2189;3148:2146;3284:2395;3420:2390;3556:2258;3692:2322;3828:2121;3964:2169;4100:1802;4236:1842;4372:1669;4508:1591;4644:1485;4780:1272;4916:1311;5052:1051;5188:1091;5324:916;5460:729;5596:653;5732:541;5868:563;6004:415;6140:390;6276:321;6412:281;6548:256;6684:227;6820:223;6956:223;7092:215;7228:204;7364:198;7500:211;7636:161;7772:154;7908:154;8044:159;8180:159;8316:134;8452:133;8588:114;8724:111;8860:109;8996:87;9132:90;9268:63;9404:73;9540:55;9676:57;9812:50;9948:33;10084:39;10220:29;10356:37;10492:29;10628:31;10764:38;"
latency_dist,latency_distribution,semaphore,8,0,1,6156479.67,1230.87,821.00,4258.00,6693.00,1631.47,132.55,18469439,0.00,0.04,nan,nan,nan,-1,2,"p999=10800;hist_clip=p999;hist_overflow=399;gini=0.036255;os_perf=off;hist=20:27793;154:98320;289:21933;424:13761;559:18795;693:20801;828:20945;963:17699;1098:17911;1232:17738;1367:17035;1502:15653;1637:12653;1771:10584;1906:7471;2041:5657;2176:3602;2310:3015;2445:2273;2580:1976;2715:1900;2849:1855;2984:2127;3119:2086;3254:2400;3388:2294;3523:2442;3658:2266;3793:2192;3927:2073;4062:1907;4197:1874;4332:1718;4466:1655;4601:1397;4736:1392;4871:1156;5005:1255;5140:995;5275:875;5410:824;5544:659;5679:655;5814:513;5949:472;6083:385;6218:341;6353:281;6488:275;6622:243;6757:237;6892:242;7027:214;7161:208;7296:188;7431:205;7566:183;7700:183;7835:182;7970:152;8105:155;8239:146;8374:120;8509:107;8644:97;8778:88;8913:97;9048:78;9183:71;9317:62;9452:66;9587:59;9722:65;9856:50;9991:38;10126:34;10261:46;10395:38;10530:30;10665:38;"
latency_dist,latency_distribution,semaphore,8,0,2,6053105.33,1239.76,761.00,4388.00,7073.00,2660.06,214.56,18159316,0.00,0.04,nan,nan,nan,-1,1,"p999=12083;hist_clip=p999;hist_overflow=400;gini=0.041648;os_perf=off;hist=20:40375;170:103469;321:21146;472:17159;623:20307;773:21330;924:19482;1075:17767;1226:18260;1377:17566;1527:15447;1678:12794;1829:9787;1980:7271;2131:4894;2281:3502;2432:2643;2583:2246;2734:2050;2884:2205;3035:2263;3186:2378;3337:2420;3488:2330;3638:2364;3789:2297;3940:2251;4091:2128;4242:1973;4392:1910;4543:1661;4694:1609;4845:1497;4995:1312;5146:1185;5297:1067;5448:906;5599:843;5749:724;5900:564;6051:555;6202:472;6353:380;6503:342;6654:317;6805:304;6956:297;7107:250;7257:259;7408:244;7559:250;7710:220;7860:234;8011:181;8162:184;8313:174;8464:136;8614:132;8765:149;8916:155;9067:94;9218:99;9368:89;9519:78;9670:71;9821:67;9971:64;10122:65;10273:48;10424:28;10575:30;10725:29;10876:40;11027:29;11178:29;11329:25;11479:29;11630:19;11781:29;11932:21;"
latency_dist,latency_distribution,semaphore,8,0,3,5992344.67,1272.64,851.00,4368.00,6933.00,1804.69,141.81,17977034,0.00,0.04,nan,nan,nan,-1,2,"p999=11302;hist_clip=p999;hist_overflow=400;gini=0.041064;os_perf=off;hist=20:33084;161:94195;302:20202;443:15073;584:18769;725:21682;866:20331;1007:18645;1148:18190;1289:18299;1430:17187;1571:15049;1712:12899;1853:9695;1994:7075;2135:4979;2276:3483;2417:2704;2558:2320;2699:2009;2840:2061;2981:1989;3122:2275;3263:2292;3404:2538;3545:2446;3686:2396;3827:2371;3968:2135;4109:2040;4250:1966;4391:1870;4532:1630;4673:1539;4814:1428;4955:1369;5096:1178;5237:1085;5378:881;5519:781;5661:727;5802:583;5943:520;6084:423;6225:403;6366:343;6507:288;6648:292;6789:268;6930:284;7071:232;7212:243;7353:223;7494:210;7635:210;7776:180;7917:203;8058:158;8199:183;8340:149;8481:134;8622:121;8763:109;8904:99;9045:116;9186:77;9327:88;9468:79;9609:66;9750:50;9891:55;10032:52;10173:42;10314:48;10455:36;10596:38;10737:27;10878:40;11019:33;11160:28;"
latency_dist,latency_distribution,semaphore,8,0,4,6150058.33,1235.85,812.00,4288.00,6753.00,1594.33,129.01,18450175,0.00,0.04,nan,nan,nan,-1,2,"p999=10820;hist_clip=p999;hist_overflow=400;gini=0.036007;os_perf=off;hist=20:28376;155:98364;290:22269;425:13787;560:18843;695:20360;830:20433;965:17098;1100:18316;1235:16984;1370:18088;1505:14923;1640:13427;1775:9736;1910:7881;2045:5086;2180:3888;2315:2811;2450:2248;2585:2050;2720:1828;2855:2057;2990:2017;3125:2269;3260:2275;3395:2587;3530:2242;3665:2333;3800:2079;3935:2221;4070:1931;4205:1902;4340:1643;4475:1620;4610:1440;4745:1407;4880:1317;5015:1149;5150:1050;5285:898;5420:867;5555:668;5690:697;5825:536;5960:496;6095:385;6230:375;6365:266;6500:252;6635:247;6770:236;6905:218;7040:229;7175:208;7310:216;7445:193;7580:195;7715:180;7850:158;7985:189;8120:135;8255:158;8390:120;8525:144;8660:105;8795:90;8930:94;9065:88;9200:66;9335:68;9470:65;9605:63;9740:57;9875:57;10010:57;10145:50;10280:34;10415:35;10550:40;10685:30;"
latency_dist,latency_distribution,semaphore,8,0,5,6144403.00,1237.71,812.00,4308.00,6813.00,1564.31,126.39,18433209,0.00,0.04,nan,nan,nan,-1,1,"p999=10931;hist_clip=p999;hist_overflow=399;gini=0.036823;os_perf=off;hist=20:28293;156:100708;292:19310;429:15283;565:18795;701:21062;838:20546;974:16929;1111:18358;1247:18376;1383:16458;1520:15667;1656:12697;1793:9748;1929:7590;2065:4859;2202:3729;2338:2617;2474:2320;2611:2061;2747:1894;2884:1942;3020:2190;3156:2102;3293:2471;3429:2345;3566:2300;3702:2407;3838:2109;3975:2065;4111:2050;4248:1758;4384:1740;4520:1527;4657:1534;4793:1377;4929:1274;5066:1156;5202:957;5339:912;5475:785;5611:670;5748:607;5884:532;6021:425;6157:379;6293:305;6430:317;6566:255;6702:272;6839:256;6975:202;7112:239;7248:241;7384:215;7521:188;7657:212;7794:178;7930:177;8066:141;8203:147;8339:131;8476:130;8612:117;8748:90;8885:105;9021:88;9157:95;9294:63;9430:71;9567:67;9703:53;9839:54;9976:54;10112:46;10249:41;10385:44;10521:28;10658:28;10794:37;"
latency_dist,latency_distribution,semaphore,8,0,6,6127579.00,1236.93,822.00,4288.00,6733.00,1585.20,128.16,18382737,0.00,0.04,nan,nan,nan,-1,1,"p999=10941;hist_clip=p999;hist_overflow=399;gini=0.036298;os_perf=off;hist=20:27380;156:100461;293:19208;429:15647;566:19260;702:20507;839:20756;975:18317;1112:17450;1248:18644;1385:16548;1521:15696;1658:12926;1794:9655;1931:7585;2067:5153;2204:3550;2340:2858;2477:2247;2613:1990;2750:1944;2886:1862;3023:2189;3159:2290;3296:2316;3432:2441;3569:2150;3705:2344;3842:2195;3978:1997;4115:1920;4251:1824;4388:1766;4524:1648;4661:1423;4797:1413;4934:1288;5070:1102;5207:943;5343:904;5480:759;5617:707;5753:515;5890:509;6026:466;6163:358;6299:301;6436:293;6572:242;6709:296;6845:199;6982:226;7118:232;7255:195;7391:180;7528:179;7664:144;7801:178;7937:145;8074:161;8210:144;8347:137;8483:99;8620:123;8756:130;8893:88;9029:97;9166:103;9302:63;9439:67;9575:73;9712:54;9848:52;9985:66;10121:42;10258:46;10394:42;10531:30;10667:31;10804:32;"
latency_dist,latency_distribution,semaphore,8,0,7,6148867.00,1234.39,821.00,4278.00,6773.00,1597.56,129.42,18446601,0.00,0.04,nan,nan,nan,-1,1,"p999=10951;hist_clip=p999;hist_overflow=398;gini=0.036870;os_perf=off;hist=20:28263;156:100940;293:19072;429:15198;566:19140;703:20202;839:20705;976:18614;1113:17233;1249:18569;1386:17726;1523:14597;1659:12951;1796:9440;1932:7529;2069:5151;2206:3452;2342:2807;2479:2492;2616:1885;2752:1945;2889:2021;3026:2031;3162:2217;3299:2251;3435:2552;3572:2376;3709:2106;3845:2185;3982:2155;4119:1890;4255:1856;4392:1717;4529:1465;4665:1486;4802:1273;4938:1254;5075:1154;5212:935;5348:900;5485:808;5622:627;5758:592;5895:503;6032:367;6168:362;6305:337;6441:293;6578:268;6715:260;6851:227;6988:228;7125:235;7261:215;7398:216;7535:177;7671:171;7808:170;7944:185;8081:157;8218:133;8354:130;8491:141;8628:125;8764:88;8901:74;9038:90;9174:102;9311:73;9447:83;9584:59;9721:58;9857:49;9994:49;10131:44;10267:32;10404:38;10541:29;10677:24;10814:48;"
